USpace停車場名稱,USpace城市,USpace區域,USpace日間費率,USpace價格定位,周邊停車場總數,周邊總車格數,0-30元停車場數,31-50元停車場數,51-80元停車場數,81-120元停車場數,121-200元停車場數,200元以上停車場數,無收費資訊停車場數,主要價格區間,低價競爭者比例,高價競爭者比例,競爭狀況,周邊平均日間費率,USpace費率相對差異,競爭密度每平方公里,最近競爭者距離km
USPACE富邦金融中心,台北市,大安區,80.0,中價位,201,36580,51,44,28,49,20,1,8,0-30元,49.2%,10.9%,競爭適中,75.93,5.36,7.11,0.36
洛碁大飯店南港館,台北市,南港區,40.0,中低價位,75,15961,30,13,12,9,4,0,7,0-30元,63.2%,5.9%,低價競爭激烈,55.88,-28.42,2.65,0.37
南京吉林路鄰近車位,台北市,中山區,50.0,中低價位,207,31386,48,60,29,36,27,1,6,31-50元,53.7%,13.9%,競爭適中,75.42,-33.71,7.32,0.07
長榮醫院鄰近車位,桃園市,中壢區,15.0,低價位,0,0,0,0,0,0,0,0,0,無資料,0.0%,0.0%,競爭者少,0,0,0.0,0
成功國宅車位(和平東路三段),台北市,大安區,60.0,中價位,177,31043,42,42,23,41,18,1,10,0-30元,50.3%,11.4%,競爭適中,76.11,-21.16,6.26,0.24
三重大智街精華車位,新北市,三重區,32.857142857142854,中低價位,185,24349,78,38,39,10,1,0,19,0-30元,69.9%,0.6%,低價競爭激烈,45.45,-27.7,6.55,0.2
市民大道四段精華車位,台北市,松山區,50.0,中低價位,209,38979,55,47,28,49,22,1,7,0-30元,50.5%,11.4%,競爭適中,75.54,-33.81,7.4,0.04
南京復興鄰近車位2.0,台北市,松山區,50.0,中低價位,209,38324,46,50,31,50,25,1,6,31-50元,47.3%,12.8%,競爭適中,78.82,-36.56,7.4,0.17
崇明五街,台南市,東區,0,低價位,0,0,0,0,0,0,0,0,0,無資料,0.0%,0.0%,競爭者少,0,0,0.0,0
麗車坊中央路站,花蓮縣,花蓮市,20.0,低價位,0,0,0,0,0,0,0,0,0,無資料,0.0%,0.0%,競爭者少,0,0,0.0,0
紘緯南屯德順車位(柵欄外),台中市,南屯區,0,低價位,0,0,0,0,0,0,0,0,0,無資料,0.0%,0.0%,競爭者少,0,0,0.0,0
捷運松江南京站鄰近車位,台北市,中山區,50.0,中低價位,209,34877,51,59,31,36,25,1,6,31-50元,54.2%,12.8%,競爭適中,73.99,-32.42,7.4,0.23
桃園火車站機車場,桃園市,桃園區,10.0,低價位,10,451,1,0,3,1,0,0,5,無收費資訊,20.0%,0.0%,競爭者少,70.0,-85.71,0.35,2.01
芝玉路車位,台北市,士林區,0,低價位,55,9672,13,24,9,6,1,0,2,31-50元,69.8%,1.9%,低價競爭激烈,51.23,0,1.95,0.31
行政院鄰近車位,台北市,中山區,50.0,中低價位,208,31895,55,56,27,38,22,1,9,31-50元,55.8%,11.6%,競爭適中,72.96,-31.47,7.36,0.16
松山工農精華車位,台北市,信義區,30.0,低價位,143,29931,33,30,21,45,11,0,3,81-120元,45.0%,7.9%,競爭適中,72.54,-58.64,5.06,0.11
Ocean city 海洋都心(機車區),新北市,淡水區,20.0,低價位,41,4189,10,11,14,3,0,0,3,51-80元,55.3%,0.0%,競爭適中,54.08,-63.02,1.45,0.25
西湖站鄰近車位(基湖路),台北市,內湖區,20.0,低價位,69,12173,25,14,14,11,4,0,1,0-30元,57.4%,5.9%,競爭適中,61.69,-67.58,2.44,0.12
IKEA台北城市店鄰近車位,台北市,松山區,40.0,中低價位,195,37901,44,44,28,51,23,1,4,81-120元,46.1%,12.6%,競爭適中,79.92,-49.95,6.9,0.11
永吉豐 和苑三井花園飯店（台北忠孝）,台北市,大安區,65.71428571428571,中價位,218,36375,51,52,34,44,30,1,6,31-50元,48.6%,14.6%,競爭適中,78.56,-16.35,7.71,0.06
28飛行隊門口車位,台北市,中山區,50.0,中低價位,214,38902,47,54,29,48,29,1,6,31-50元,48.6%,14.4%,競爭適中,79.52,-37.12,7.57,0.17
廣州街觀光夜市站,台北市,萬華區,30.0,低價位,186,30329,64,45,36,20,5,0,16,0-30元,64.1%,2.9%,低價競爭激烈,53.21,-43.62,6.58,0.36
道周醫院(正門),彰化縣,和美鎮,20.0,低價位,0,0,0,0,0,0,0,0,0,無資料,0.0%,0.0%,競爭者少,0,0,0.0,0
奧美伽健身會館-台中福科店,台中市,西屯區,40.0,中低價位,0,0,0,0,0,0,0,0,0,無資料,0.0%,0.0%,競爭者少,0,0,0.0,0
南港展覽館鄰近車位,台北市,南港區,55.0,中價位,74,15436,28,14,13,8,3,0,8,0-30元,63.6%,4.5%,低價競爭激烈,53.71,2.4,2.62,0.11
Four Seasons台大,台北市,中正區,28.0,低價位,158,23940,49,27,24,17,11,0,30,0-30元,59.4%,8.6%,競爭適中,61.95,-54.8,5.59,0.11
板橋第一運動場鄰近車位,新北市,板橋區,25.0,低價位,225,32311,78,41,69,13,0,0,24,0-30元,59.2%,0.0%,競爭適中,51.62,-51.57,7.96,0.26
樹林廠房田尾街車位,新北市,樹林區,20.0,低價位,53,3573,14,1,26,5,1,0,6,51-80元,31.9%,2.1%,競爭適中,64.47,-68.98,1.88,0.76
富紳師大分部第一停車場,台北市,文山區,22.857142857142858,低價位,160,22988,50,30,29,15,8,0,28,0-30元,60.6%,6.1%,低價競爭激烈,57.58,-60.3,5.66,0.38
統一時代對面(路易莎旁),台北市,信義區,70.0,中價位,162,33173,42,36,21,48,11,1,3,81-120元,49.1%,7.5%,競爭適中,74.12,-5.56,5.73,0.13
北投大興光明車位,台北市,北投區,30.0,低價位,35,4485,14,12,3,3,0,1,2,0-30元,78.8%,3.0%,低價競爭激烈,58.94,-49.1,1.24,0.32
台中市東區練武路293巷車位,台中市,東區,30.0,低價位,0,0,0,0,0,0,0,0,0,無資料,0.0%,0.0%,競爭者少,0,0,0.0,0
桃園忠勇二街場(⚡附設充電樁),桃園市,八德區,22.857142857142858,低價位,9,329,1,0,4,0,0,0,4,51-80元,20.0%,0.0%,競爭者少,66.0,-65.37,0.32,2.6
佑全藥局大勇店(忠勇路),台中市,西屯區,30.0,低價位,0,0,0,0,0,0,0,0,0,無資料,0.0%,0.0%,競爭者少,0,0,0.0,0
善導寺鄰近車位,台北市,中正區,50.714285714285715,中價位,214,32406,55,57,28,43,25,1,5,31-50元,53.6%,12.4%,競爭適中,74.78,-32.19,7.57,0.07
永春大樓後方車位,台北市,信義區,40.0,中低價位,120,27991,34,26,16,33,8,0,3,0-30元,51.3%,6.8%,競爭適中,67.74,-40.95,4.25,0.14
旱溪振興路停車場,台中市,東區,20.0,低價位,0,0,0,0,0,0,0,0,0,無資料,0.0%,0.0%,競爭者少,0,0,0.0,0
保平路精華車位,新北市,永和區,30.0,低價位,186,28498,50,42,45,9,2,0,38,0-30元,62.2%,1.4%,低價競爭激烈,51.93,-42.23,6.58,0.32
敦南誠品後巷車位(寬心園旁),台北市,大安區,68.57142857142857,中價位,202,36242,49,45,28,50,21,1,8,81-120元,48.5%,11.3%,競爭適中,77.04,-10.99,7.15,0.3
林口忠孝路車位,新北市,林口區,30.0,低價位,101,10980,26,16,39,10,0,0,10,51-80元,46.2%,0.0%,競爭適中,57.09,-47.45,3.57,0.05
南山新市園區,台南市,新市區,28.0,低價位,0,0,0,0,0,0,0,0,0,無資料,0.0%,0.0%,競爭者少,0,0,0.0,0
USPACE中茂新天地,桃園市,桃園區,45.714285714285715,中低價位,0,0,0,0,0,0,0,0,0,無資料,0.0%,0.0%,競爭者少,0,0,0.0,0
道周醫院(和善路89號),彰化縣,和美鎮,20.0,低價位,0,0,0,0,0,0,0,0,0,無資料,0.0%,0.0%,競爭者少,0,0,0.0,0
歌林大廈Sogo精華車位2.0,台北市,大安區,75.71428571428571,中價位,226,41485,54,52,31,57,25,1,6,81-120元,48.2%,11.8%,競爭適中,77.59,-2.42,8.0,0.14
吉祥公園鄰近車位,台北市,松山區,0,低價位,185,36647,49,41,26,54,11,1,3,81-120元,49.5%,6.6%,競爭適中,72.69,0,6.55,0.15
大曜智泊大里街車位,台中市,大里區,10.0,低價位,0,0,0,0,0,0,0,0,0,無資料,0.0%,0.0%,競爭者少,0,0,0.0,0
桃園南平永安車位,桃園市,寶安里,32.857142857142854,中低價位,0,0,0,0,0,0,0,0,0,無資料,0.0%,0.0%,競爭者少,0,0,0.0,0
秀朗路三段車位,新北市,中和區,50.0,中低價位,183,26063,55,30,47,10,1,2,38,0-30元,58.6%,2.1%,競爭適中,57.0,-12.28,6.48,0.32
內湖TI大樓,台北市,內湖區,25.0,低價位,71,12721,30,14,12,12,2,0,1,0-30元,62.9%,2.9%,低價競爭激烈,55.07,-54.6,2.51,0.48
一元堂鄰近車位,台北市,松山區,35.714285714285715,中低價位,175,34962,44,37,26,53,11,1,3,81-120元,47.1%,7.0%,競爭適中,74.36,-51.97,6.19,0.2
貓牛瑜伽車位(榮星羊雞城旁),台北市,中山區,30.0,低價位,164,27206,40,48,23,27,20,1,5,31-50元,55.3%,13.2%,競爭適中,74.5,-59.73,5.8,0.32
板橋車站鄰近車位,新北市,板橋區,40.0,中低價位,222,30108,80,33,67,17,0,0,25,0-30元,57.4%,0.0%,競爭適中,52.54,-23.86,7.86,0.33
萬華德昌街精華車位,台北市,萬華區,40.0,中低價位,176,29807,48,35,54,16,5,0,18,51-80元,52.5%,3.2%,競爭適中,58.73,-31.9,6.23,0.43
南山新市園區C棟,台南市,新市區,28.0,低價位,0,0,0,0,0,0,0,0,0,無資料,0.0%,0.0%,競爭者少,0,0,0.0,0
合作金庫林口分行前方車位,桃園市,龜山區,28.0,低價位,81,10018,16,16,30,9,0,0,10,51-80元,45.1%,0.0%,競爭適中,59.79,-53.17,2.87,1.06
歌林大廈Sogo地下車位,台北市,大安區,75.71428571428571,中價位,226,41485,54,52,31,57,25,1,6,81-120元,48.2%,11.8%,競爭適中,77.59,-2.42,8.0,0.13
鎮三街鄰近車位,桃園市,桃園區,18.0,低價位,0,0,0,0,0,0,0,0,0,無資料,0.0%,0.0%,競爭者少,0,0,0.0,0
新店中正路車位,新北市,新店區,30.0,低價位,134,17731,44,25,25,9,1,2,28,0-30元,65.1%,2.8%,低價競爭激烈,56.75,-47.13,4.74,0.03
浦城街精華車位,台北市,大安區,77.14285714285714,中價位,187,30247,51,34,31,27,16,1,27,0-30元,53.1%,10.6%,競爭適中,71.56,7.8,6.62,0.25
天母棒球場德行東路車位,台北市,士林區,28.0,低價位,49,8617,12,22,7,6,0,0,2,31-50元,72.3%,0.0%,低價競爭激烈,48.62,-42.41,1.73,0.42
西苑二街鄰近車位(柵欄外)(月租),台中市,西屯區,0,低價位,0,0,0,0,0,0,0,0,0,無資料,0.0%,0.0%,競爭者少,0,0,0.0,0
潮州街月租車位,台北市,大安區,0,低價位,202,34091,54,43,32,35,21,1,16,0-30元,52.2%,11.8%,競爭適中,74.14,0,7.15,0.17
龜吼萬里聽濤驛站,新北市,萬里區,24.285714285714285,低價位,6,653,3,1,1,0,0,0,1,0-30元,80.0%,0.0%,低價競爭激烈,39.0,-37.73,0.21,0.35
仁愛金山南路車位,台北市,中正區,0,低價位,216,34255,52,58,28,41,26,1,10,31-50元,53.4%,13.1%,競爭適中,75.61,0,7.64,0.2
內湖民權東路六段280巷月租車位,台北市,內湖區,28.0,低價位,80,16447,31,15,14,10,3,0,7,0-30元,63.0%,4.1%,低價競爭激烈,54.73,-48.84,2.83,0.31
忠孝敦化地下車位(上通),台北市,大安區,61.42857142857143,中價位,206,36371,53,41,28,51,25,1,7,0-30元,47.2%,13.1%,競爭適中,78.87,-22.11,7.29,0.18
凱恩斯牛排(公益店),台中市,南屯區,30.0,低價位,0,0,0,0,0,0,0,0,0,無資料,0.0%,0.0%,競爭者少,0,0,0.0,0
梧棲大仁停車場,台中市,梧棲區,80.0,中價位,0,0,0,0,0,0,0,0,0,無資料,0.0%,0.0%,競爭者少,0,0,0.0,0
逢明街29巷車位,台中市,西屯區,22.857142857142858,低價位,0,0,0,0,0,0,0,0,0,無資料,0.0%,0.0%,競爭者少,0,0,0.0,0
積穗國中鄰近車位,新北市,中和區,30.0,低價位,186,30788,54,40,59,14,0,0,19,51-80元,56.3%,0.0%,競爭適中,54.1,-44.55,6.58,0.34
康茵行旅民權街車位,台中市,烏日區,20.0,低價位,0,0,0,0,0,0,0,0,0,無資料,0.0%,0.0%,競爭者少,0,0,0.0,0
Howard's Bike車位,台北市,松山區,50.0,中低價位,205,40804,59,44,27,50,20,1,4,0-30元,51.2%,10.4%,競爭適中,74.15,-32.57,7.25,0.27
平安公園鄰近車位,台北市,大安區,50.0,中低價位,182,31299,41,42,25,47,19,1,7,81-120元,47.4%,11.4%,競爭適中,78.06,-35.94,6.44,0.05
USPACE中油福林站二場,台北市,士林區,45.714285714285715,中低價位,73,12463,24,27,9,9,3,0,1,31-50元,70.8%,4.2%,低價競爭激烈,52.21,-12.44,2.58,0.19
65高地停車場,基隆市,中正區,64.28571428571429,中價位,4,1263,3,1,0,0,0,0,0,0-30元,100.0%,0.0%,低價競爭激烈,26.25,144.9,0.14,1.34
松江民生車位,台北市,中山區,137.14285714285714,高價位,185,28489,48,53,26,33,18,1,6,31-50元,56.4%,10.6%,競爭適中,71.87,90.82,6.55,0.28
台視臨近車位(寧安街),台北市,松山區,50.0,中低價位,200,39473,53,44,29,49,20,1,4,0-30元,49.5%,10.7%,競爭適中,75.38,-33.67,7.08,0.02
合江街69巷車位(越南河粉巷弄),台北市,中山區,37.142857142857146,中低價位,189,31347,45,54,28,33,22,1,6,31-50元,54.1%,12.6%,競爭適中,74.4,-50.08,6.69,0.12
遼寧二街鄰近車位,高雄市,三民區,30.0,低價位,0,0,0,0,0,0,0,0,0,無資料,0.0%,0.0%,競爭者少,0,0,0.0,0
莊敬高職鄰近車位,新北市,永和區,70.57142857142857,中價位,175,28695,52,36,33,14,6,0,34,0-30元,62.4%,4.3%,低價競爭激烈,54.96,28.39,6.19,0.11
洛陽路111巷,台中市,西屯區,0,低價位,0,0,0,0,0,0,0,0,0,無資料,0.0%,0.0%,競爭者少,0,0,0.0,0
豐原源豐路車位,台中市,豐原區,0,低價位,0,0,0,0,0,0,0,0,0,無資料,0.0%,0.0%,競爭者少,0,0,0.0,0
永康街7巷車位,台北市,大安區,112.85714285714286,中高價位,218,32622,49,52,31,43,28,1,14,31-50元,49.5%,14.2%,競爭適中,78.48,43.8,7.71,0.07
板橋海山郵局後巷車位,新北市,板橋區,0,低價位,229,33716,86,41,67,13,0,0,22,0-30元,61.4%,0.0%,低價競爭激烈,50.17,0,8.1,0.14
信義GD車位,台北市,信義區,60.0,中價位,167,31873,45,38,21,42,15,1,5,0-30元,51.2%,9.9%,競爭適中,74.72,-19.7,5.91,0.18
中崙新村車位,台北市,松山區,50.0,中低價位,194,39346,56,42,25,51,16,1,3,0-30元,51.3%,8.9%,競爭適中,72.96,-31.47,6.86,0.22
中吉公園鄰近車位,台北市,中山區,50.0,中低價位,192,31234,50,54,27,33,21,1,6,31-50元,55.9%,11.8%,競爭適中,72.47,-31.01,6.79,0.17
南京光復鄰近車位,台北市,松山區,40.0,中低價位,197,38811,55,42,28,53,15,1,3,0-30元,50.0%,8.2%,競爭適中,73.22,-45.37,6.97,0.25
C10世正經貿大樓(B1機車區),台北市,南港區,30.0,低價位,77,16147,27,14,14,10,3,0,9,0-30元,60.3%,4.4%,低價競爭激烈,55.81,-46.25,2.72,0.13
伯爵山莊車位(圓環右側),新北市,汐止區,0,低價位,70,7708,16,12,26,4,1,0,11,51-80元,47.5%,1.7%,競爭適中,55.25,0,2.48,0.51
北車YMCA前方車位,台北市,中正區,70.0,中價位,204,31355,62,50,25,34,22,1,10,0-30元,57.7%,11.9%,競爭適中,71.7,-2.37,7.22,0.18
全球科技廣場月租車位,台北市,內湖區,28.0,低價位,113,21891,46,23,17,22,3,0,2,0-30元,62.2%,2.7%,低價競爭激烈,56.85,-50.74,4.0,0.1
長庚醫院後方車位,台北市,松山區,40.0,中低價位,193,37792,44,44,27,50,24,1,3,81-120元,46.3%,13.2%,競爭適中,80.55,-50.34,6.83,0.09
NAGONAGO寵物友善餐廳,台中市,北屯區,30.0,低價位,0,0,0,0,0,0,0,0,0,無資料,0.0%,0.0%,競爭者少,0,0,0.0,0
聯合報車位,台北市,信義區,50.0,中低價位,175,35742,50,39,21,49,12,1,3,0-30元,51.7%,7.6%,競爭適中,72.41,-30.95,6.19,0.08
西門成都路鄰近車位,台北市,萬華區,40.0,中低價位,194,29028,61,49,33,20,17,0,14,0-30元,61.1%,9.4%,低價競爭激烈,61.53,-34.99,6.86,0.21
建國錦州街車位,台北市,中山區,35.714285714285715,中低價位,179,28766,44,52,26,31,20,1,5,31-50元,55.2%,12.1%,競爭適中,73.36,-51.32,6.33,0.11
天母棒球場鄰近車位,台北市,士林區,24.285714285714285,低價位,48,8571,12,22,6,6,0,0,2,31-50元,73.9%,0.0%,低價競爭激烈,48.37,-49.79,1.7,0.34
USPACE中油福林站一場（太古福斯汽車）,台北市,士林區,0,低價位,0,0,0,0,0,0,0,0,0,無資料,0.0%,0.0%,競爭者少,0,0,0.0,0
永和耕莘醫院停車場(戶外地鎖車位),新北市,永和區,42.857142857142854,中低價位,168,26581,48,31,35,13,5,0,36,0-30元,59.8%,3.8%,競爭適中,55.38,-22.61,5.94,0.06
國聖街鄰近車位,台南市,永康區,20.0,低價位,0,0,0,0,0,0,0,0,0,無資料,0.0%,0.0%,競爭者少,0,0,0.0,0
仁愛圓環鄰近車位,台北市,大安區,80.0,中價位,214,37595,53,48,28,53,24,1,7,0-30元,48.8%,12.1%,競爭適中,77.51,3.21,7.57,0.18
研究院路停車場,台北市,南港區,30.0,低價位,69,14638,27,12,12,7,3,0,8,0-30元,63.9%,4.9%,低價競爭激烈,53.52,-43.95,2.44,0.29
新竹勝利九街柴比餐飲,新竹縣,竹北市,22.857142857142858,低價位,0,0,0,0,0,0,0,0,0,無資料,0.0%,0.0%,競爭者少,0,0,0.0,0
蘆洲享宴精華車位,新北市,蘆洲區,32.857142857142854,中低價位,159,17933,63,24,48,7,0,0,17,0-30元,61.3%,0.0%,低價競爭激烈,48.83,-32.71,5.63,0.1
大安高工鄰近車位（朝代金站大樓後方）,台北市,大安區,40.0,中低價位,192,33800,43,46,26,48,21,1,7,81-120元,48.1%,11.9%,競爭適中,78.05,-48.75,6.79,0.23
捷運七張站車位(寶強路),新北市,新店區,60.0,中價位,128,18123,49,20,24,7,1,2,25,0-30元,67.0%,2.9%,低價競爭激烈,54.76,9.57,4.53,0.15
晴光市場旁車位(柵欄外),台北市,中山區,80.0,中價位,184,28104,49,51,27,32,18,1,6,31-50元,56.2%,10.7%,競爭適中,70.98,12.7,6.51,0.02
啄木鳥林口店,新北市,林口區,20.0,低價位,103,11067,26,16,39,10,0,0,12,51-80元,46.2%,0.0%,競爭適中,57.09,-64.97,3.64,0.09
敦化和平精華車位,台北市,大安區,50.0,中低價位,163,29508,43,39,18,38,15,1,9,0-30元,53.2%,10.4%,競爭適中,73.86,-32.31,5.77,0.15
遠企旁精華車位,台北市,大安區,50.0,中低價位,160,28878,42,38,18,40,15,1,6,0-30元,51.9%,10.4%,競爭適中,75.13,-33.45,5.66,0.06
何厝街車位,台中市,西屯區,45.714285714285715,中低價位,0,0,0,0,0,0,0,0,0,無資料,0.0%,0.0%,競爭者少,0,0,0.0,0
永和耕莘醫院鄰近車位,新北市,永和區,44.285714285714285,中低價位,166,26446,48,30,34,12,5,0,37,0-30元,60.5%,3.9%,低價競爭激烈,55.08,-19.59,5.87,0.12
成功三街鄰近車位,台南市,仁德區,20.0,低價位,0,0,0,0,0,0,0,0,0,無資料,0.0%,0.0%,競爭者少,0,0,0.0,0
立嘉成,台中市,神岡區,0,低價位,0,0,0,0,0,0,0,0,0,無資料,0.0%,0.0%,競爭者少,0,0,0.0,0
淡水梨花大苑旁車位,新北市,淡水區,32.857142857142854,中低價位,41,3659,6,12,15,5,0,0,3,51-80元,47.4%,0.0%,競爭適中,61.32,-46.41,1.45,0.03
農安街精華車位,台北市,中山區,50.0,中低價位,168,26125,42,49,25,30,18,1,3,31-50元,55.2%,11.5%,競爭適中,73.36,-31.85,5.94,0.1
光復南路260巷7號旁車位,台北市,大安區,54.285714285714285,中價位,189,36703,54,41,24,47,18,1,4,0-30元,51.4%,10.3%,競爭適中,74.54,-27.17,6.69,0.07
新莊思源路370巷車位,新北市,新莊區,30.0,低價位,252,27363,95,41,73,13,1,0,29,0-30元,61.0%,0.4%,低價競爭激烈,50.18,-40.21,8.92,0.01
伯爵山莊車位(社區後巷),新北市,汐止區,0,低價位,70,7708,16,12,26,4,1,0,11,51-80元,47.5%,1.7%,競爭適中,55.25,0,2.48,0.51
中正紀念堂鄰近車位,台北市,大安區,35.0,中低價位,208,33271,50,50,30,41,24,1,12,0-30元,51.0%,12.8%,競爭適中,76.76,-54.4,7.36,0.23
時代通商大樓,台北市,大安區,78.57142857142857,中價位,200,37950,57,42,25,48,21,1,6,0-30元,51.0%,11.3%,競爭適中,75.41,4.19,7.08,0.17
國父紀念館車位(光復南路421巷),台北市,信義區,40.0,中低價位,176,34334,51,38,22,44,15,1,5,0-30元,52.0%,9.4%,競爭適中,73.25,-45.39,6.23,0.2
小捲尾寵物精品美容前方車位,台北市,大安區,90.0,中高價位,202,36242,49,45,28,50,21,1,8,81-120元,48.5%,11.3%,競爭適中,77.04,16.83,7.15,0.3
衣櫥餐酒前方車位,台北市,大安區,78.57142857142857,中價位,217,38166,55,46,29,54,25,1,7,0-30元,48.1%,12.4%,競爭適中,77.93,0.82,7.68,0.25
九份國小車位,新北市,瑞芳區,31.428571428571427,中低價位,3,361,0,0,0,1,0,1,1,81-120元,0.0%,50.0%,高價市場,250.0,-87.43,0.11,0.63
三峽老街中山路車位,新北市,三峽區,40.0,中低價位,85,5474,24,13,36,4,2,0,6,51-80元,46.8%,2.5%,競爭適中,58.35,-31.45,3.01,0.06
敦化北路車位(法蘭司麵包店旁),台北市,松山區,30.0,低價位,198,37861,44,44,30,51,24,1,4,81-120元,45.4%,12.9%,競爭適中,80.08,-62.54,7.01,0.18
宏達僑中三場,新北市,板橋區,20.0,低價位,193,25303,82,24,59,8,0,0,20,0-30元,61.3%,0.0%,低價競爭激烈,48.67,-58.91,6.83,0.23
復興市民精華車位,台北市,大安區,52.857142857142854,中價位,231,41502,55,54,31,57,27,1,6,81-120元,48.4%,12.4%,競爭適中,77.69,-31.96,8.17,0.22
南京復興鄰近車位,台北市,松山區,52.857142857142854,中價位,209,38349,46,50,31,50,25,1,6,31-50元,47.3%,12.8%,競爭適中,78.82,-32.94,7.4,0.18
USPACE正大樂富停車場,台北市,北投區,40.0,中低價位,72,11378,27,25,10,6,1,0,3,0-30元,75.4%,1.4%,低價競爭激烈,45.64,-12.35,2.55,0.23
三德大飯店(後側),台北市,大同區,40.0,中低價位,189,28144,56,50,30,26,19,0,8,0-30元,58.6%,10.5%,競爭適中,65.08,-38.54,6.69,0.27
復興路二段99巷停車場,台中市,南區,40.0,中低價位,0,0,0,0,0,0,0,0,0,無資料,0.0%,0.0%,競爭者少,0,0,0.0,0
USPACE湯城園區停車場(汽車),新北市,三重區,30.0,低價位,266,30757,103,45,78,16,1,0,23,0-30元,60.9%,0.4%,低價競爭激烈,50.49,-40.59,9.41,0.06
社子市場鄰近車位,台北市,士林區,20.0,低價位,99,13761,43,26,21,4,1,0,4,0-30元,72.6%,1.1%,低價競爭激烈,44.46,-55.02,3.5,0.1
宏泰交易一號廣場,台北市,信義區,65.71428571428571,中價位,140,29457,33,31,18,44,11,0,3,81-120元,46.7%,8.0%,競爭適中,72.19,-8.97,4.95,0.11
嵜本吐司旁地下月租車位,台北市,信義區,0,低價位,167,33459,43,36,22,50,12,1,3,81-120元,48.2%,7.9%,競爭適中,75.0,0,5.91,0.18
幸安市場鄰近車位,台北市,中正區,0,低價位,219,34042,51,52,31,44,32,1,8,31-50元,48.8%,15.6%,競爭適中,79.29,0,7.75,0.36
新店安忠路巷弄月租B場,新北市,新店區,0,低價位,60,6208,25,11,9,6,0,2,7,0-30元,67.9%,3.8%,低價競爭激烈,63.11,0,2.12,0.08
新生公園內車位 (新生北路×濱江街入口),台北市,中山區,40.0,中低價位,154,22616,47,42,24,23,16,0,2,0-30元,58.6%,10.5%,競爭適中,64.97,-38.43,5.45,0.34
彰化光華街車位,彰化縣,彰化市,0,低價位,0,0,0,0,0,0,0,0,0,無資料,0.0%,0.0%,競爭者少,0,0,0.0,0
建成大廈平面車位,台北市,大安區,88.57142857142857,中高價位,207,36907,52,44,28,51,24,1,7,0-30元,48.0%,12.5%,競爭適中,78.15,13.34,7.32,0.21
復興公勇路口鄰近車位,屏東縣,屏東市,20.0,低價位,0,0,0,0,0,0,0,0,0,無資料,0.0%,0.0%,競爭者少,0,0,0.0,0
中壢松勇路車位,桃園市,中壢區,28.0,低價位,0,0,0,0,0,0,0,0,0,無資料,0.0%,0.0%,競爭者少,0,0,0.0,0
湘誠葡萄酒車位,台北市,大安區,75.71428571428571,中價位,207,38238,54,45,28,49,23,1,7,0-30元,49.5%,12.0%,競爭適中,76.67,-1.25,7.32,0.18
USPACE 正大竹圍停車場,新北市,淡水區,30.0,低價位,18,2294,6,5,2,1,0,0,4,0-30元,78.6%,0.0%,低價競爭激烈,41.43,-27.59,0.64,0.05
伊通公園鄰近車位,台北市,中山區,50.0,中低價位,215,33641,52,56,31,40,29,1,6,31-50元,51.7%,14.4%,競爭適中,76.58,-34.71,7.61,0.12
師大禮居月租車位,台北市,大安區,28.0,低價位,195,31100,49,39,31,33,20,1,22,0-30元,50.9%,12.1%,競爭適中,75.14,-62.74,6.9,0.09
USPACE華亞科學園區停車場,桃園市,龜山區,50.0,中低價位,61,10288,15,11,19,8,0,0,8,51-80元,49.1%,0.0%,競爭適中,57.83,-13.54,2.16,1.99
內湖文德路鄰近車位,台北市,內湖區,40.0,中低價位,72,12618,31,10,14,13,3,0,1,0-30元,57.7%,4.2%,競爭適中,58.45,-31.57,2.55,0.3
福港街鄰近車位,台北市,士林區,28.0,低價位,100,13786,40,28,19,5,4,0,4,0-30元,70.8%,4.2%,低價競爭激烈,48.69,-42.49,3.54,0.22
惠中路超美停車場,台中市,西屯區,32.857142857142854,中低價位,0,0,0,0,0,0,0,0,0,無資料,0.0%,0.0%,競爭者少,0,0,0.0,0
羅馬東區地下停車場,台北市,大安區,74.28571428571429,中價位,207,37136,52,44,28,50,25,1,7,0-30元,48.0%,13.0%,競爭適中,78.47,-5.34,7.32,0.28
興進路與國豐路口車位,台中市,北區,30.0,低價位,0,0,0,0,0,0,0,0,0,無資料,0.0%,0.0%,競爭者少,0,0,0.0,0
光復北路177巷車位,台北市,松山區,42.857142857142854,中低價位,181,35392,44,39,34,47,13,1,3,81-120元,46.6%,7.9%,競爭適中,75.08,-42.92,6.4,0.2
應安168信義大安站,台北市,大安區,117.14285714285714,中高價位,195,33841,44,47,27,48,21,1,7,81-120元,48.4%,11.7%,競爭適中,77.5,51.15,6.9,0.1
民生圓環鄰近車位,台北市,松山區,71.14285714285714,中價位,180,36518,52,34,32,47,11,1,3,0-30元,48.6%,6.8%,競爭適中,72.57,-1.97,6.37,0.11
USPACE民權社區停車場,台北市,松山區,60.0,中價位,161,28303,40,39,22,35,20,1,4,0-30元,50.3%,13.4%,競爭適中,78.47,-23.54,5.7,0.16
瑞光場,台北市,內湖區,28.0,低價位,97,18139,39,19,17,18,3,0,1,0-30元,60.4%,3.1%,低價競爭激烈,57.14,-50.99,3.43,0.12
福悠停車場一場,台中市,西屯區,55.714285714285715,中價位,0,0,0,0,0,0,0,0,0,無資料,0.0%,0.0%,競爭者少,0,0,0.0,0
民權社區B1戶外車位,台北市,松山區,50.0,中低價位,160,28084,40,38,22,35,20,1,4,0-30元,50.0%,13.5%,競爭適中,78.59,-36.38,5.66,0.1
社子通河西街二段29號旁車位,台北市,士林區,20.0,低價位,96,13167,39,27,19,5,1,0,5,0-30元,72.5%,1.1%,低價競爭激烈,45.26,-55.81,3.4,0.09
巴克禮和睦居,台南市,東區,20.0,低價位,0,0,0,0,0,0,0,0,0,無資料,0.0%,0.0%,競爭者少,0,0,0.0,0
忠孝東路251巷車位,台北市,大安區,40.0,中低價位,228,40892,56,53,30,53,29,1,6,0-30元,49.1%,13.5%,競爭適中,78.27,-48.89,8.07,0.1
金馬彰美(吾所飾室)停車格,彰化縣,彰化市,20.0,低價位,0,0,0,0,0,0,0,0,0,無資料,0.0%,0.0%,競爭者少,0,0,0.0,0
USPACE新莊中央二場,新北市,新莊區,60.0,中價位,200,21848,80,29,58,11,1,0,21,0-30元,60.9%,0.6%,低價競爭激烈,49.69,20.74,7.08,0.07
潮州古亭站,台北市,大安區,42.857142857142854,中低價位,200,34361,53,42,32,36,20,1,16,0-30元,51.6%,11.4%,競爭適中,74.16,-42.21,7.08,0.15
頂好名店城二場(大安路一段75巷),台北市,大安區,78.57142857142857,中價位,215,37593,54,45,29,54,25,1,7,0-30元,47.6%,12.5%,競爭適中,78.29,0.36,7.61,0.23
優境里寧停車位,台中市,南屯區,10.714285714285714,低價位,0,0,0,0,0,0,0,0,0,無資料,0.0%,0.0%,競爭者少,0,0,0.0,0
沙鹿東晉一街車位,台中市,沙鹿區,30.0,低價位,0,0,0,0,0,0,0,0,0,無資料,0.0%,0.0%,競爭者少,0,0,0.0,0
徐匯中學臨近車位,新北市,蘆洲區,30.0,低價位,169,18721,63,26,54,7,0,0,19,0-30元,59.3%,0.0%,競爭適中,49.6,-39.52,5.98,0.22
唐采文具民權育德車位,台中市,北區,30.0,低價位,0,0,0,0,0,0,0,0,0,無資料,0.0%,0.0%,競爭者少,0,0,0.0,0
蘆洲環堤大道月租車位,新北市,蘆洲區,0,低價位,103,8190,39,12,32,5,0,0,15,0-30元,58.0%,0.0%,競爭適中,49.72,0,3.64,0.35
士林夜市鄰近車位,台北市,士林區,40.0,中低價位,101,14562,42,29,14,5,7,0,4,0-30元,73.2%,7.2%,低價競爭激烈,50.92,-21.44,3.57,0.28
湖光國宅22巷車位,台北市,內湖區,30.0,低價位,81,14187,33,12,15,16,4,0,1,0-30元,56.2%,5.0%,競爭適中,60.94,-50.77,2.87,0.22
西苑二街鄰近車位,台中市,西屯區,60.0,中價位,0,0,0,0,0,0,0,0,0,無資料,0.0%,0.0%,競爭者少,0,0,0.0,0
客家廚房車位,台北市,松山區,80.0,中價位,199,36798,46,47,28,48,24,1,5,81-120元,47.9%,12.9%,競爭適中,78.45,1.97,7.04,0.08
西區均安街車位,台中市,西區,40.0,中低價位,0,0,0,0,0,0,0,0,0,無資料,0.0%,0.0%,競爭者少,0,0,0.0,0
民生圓環建成花園,台北市,松山區,28.0,低價位,181,37562,51,35,31,48,12,1,3,0-30元,48.3%,7.3%,競爭適中,73.2,-61.75,6.4,0.23
臨沂榮譽站,台北市,中正區,42.857142857142854,中低價位,221,34819,49,56,30,43,29,1,13,31-50元,50.5%,14.4%,競爭適中,78.1,-45.13,7.82,0.2
USPACE仁愛帝寶站(B1月租區),台北市,大安區,28.0,低價位,220,36531,47,55,33,46,31,1,7,31-50元,47.9%,15.0%,競爭適中,79.77,-64.9,7.78,0.09
遼寧夜市鄰近車位,台北市,中山區,51.42857142857143,中價位,211,38144,47,53,28,49,27,1,6,31-50元,48.8%,13.7%,競爭適中,79.05,-34.94,7.47,0.22
USPACE北投晶泉丰旅停車場,台北市,北投區,64.28571428571429,中價位,33,4368,13,11,3,3,0,1,2,0-30元,77.4%,3.2%,低價競爭激烈,60.81,5.72,1.17,0.08
敦富十二街停車位,台中市,北屯區,5.0,低價位,0,0,0,0,0,0,0,0,0,無資料,0.0%,0.0%,競爭者少,0,0,0.0,0
舒服生活咖啡廳絕美車位,台北市,大安區,55.714285714285715,中價位,181,31282,41,42,24,47,19,1,7,81-120元,47.7%,11.5%,競爭適中,78.1,-28.67,6.4,0.1
石牌路二段357巷車位,台北市,北投區,20.0,低價位,51,7992,19,20,5,4,0,1,2,31-50元,79.6%,2.0%,低價競爭激烈,54.59,-63.36,1.8,0.45
USPACE 正大竹圍後棟(月租專區),新北市,淡水區,0,低價位,18,2294,6,5,2,1,0,0,4,0-30元,78.6%,0.0%,低價競爭激烈,41.43,0,0.64,0.01
桃園忠勇二街月租車位(柵欄外),桃園市,八德區,28.0,低價位,9,329,1,0,4,0,0,0,4,51-80元,20.0%,0.0%,競爭者少,66.0,-57.58,0.32,2.62
USPACE國家企業中心 B3月租區,台北市,松山區,28.0,低價位,181,36002,49,37,27,54,10,1,3,81-120元,48.3%,6.2%,競爭適中,72.87,-61.57,6.4,0.22
林口來來亭力行場,新北市,林口區,20.0,低價位,101,10980,26,16,39,10,0,0,10,51-80元,46.2%,0.0%,競爭適中,57.09,-64.97,3.57,0.04
麥帥一橋旁月租車位(明華南京),台北市,松山區,28.0,低價位,164,33767,40,35,26,50,9,1,3,81-120元,46.6%,6.2%,競爭適中,74.01,-62.17,5.8,0.11
道周醫院(側門),彰化縣,和美鎮,20.0,低價位,0,0,0,0,0,0,0,0,0,無資料,0.0%,0.0%,競爭者少,0,0,0.0,0
信義四維精華車位,台北市,大安區,54.285714285714285,中價位,186,31146,42,44,26,46,20,1,7,81-120元,48.0%,11.7%,競爭適中,77.79,-30.22,6.58,0.18
中和中山路車位,新北市,中和區,35.0,中低價位,192,31571,53,42,50,11,2,0,34,0-30元,60.1%,1.3%,低價競爭激烈,52.85,-33.77,6.79,0.2
中南大廈,台北市,大安區,42.857142857142854,中低價位,212,37302,50,49,29,52,24,1,7,81-120元,48.3%,12.2%,競爭適中,77.9,-44.99,7.5,0.09
潭子勝利五街停車位,台中市,潭子區,0,低價位,0,0,0,0,0,0,0,0,0,無資料,0.0%,0.0%,競爭者少,0,0,0.0,0
國興社區戶外車位,台北市,萬華區,29.714285714285715,低價位,165,30894,52,33,35,18,9,0,18,0-30元,57.8%,6.1%,競爭適中,59.52,-50.08,5.84,0.14
禾榮仁春停車場,高雄市,仁武區,20.0,低價位,0,0,0,0,0,0,0,0,0,無資料,0.0%,0.0%,競爭者少,0,0,0.0,0
中山北路車位(吉松日本料理旁),台北市,中山區,44.285714285714285,中低價位,188,28063,47,49,28,35,19,1,9,31-50元,53.6%,11.2%,競爭適中,73.46,-39.72,6.65,0.16
富邦高雄金融中心,高雄市,新興區,28.0,低價位,0,0,0,0,0,0,0,0,0,無資料,0.0%,0.0%,競爭者少,0,0,0.0,0
極美山莊富山路車位,台北市,文山區,22.857142857142858,低價位,117,19561,43,20,25,6,1,0,22,0-30元,66.3%,1.1%,低價競爭激烈,47.0,-51.37,4.14,0.2
安和路兆豐銀行鄰近車位,台北市,大安區,58.57142857142857,中價位,166,29170,37,39,23,43,16,1,7,81-120元,47.8%,10.7%,競爭適中,77.61,-24.53,5.87,0.08
三德大飯店(右側),台北市,大同區,40.0,中低價位,188,28022,57,50,29,25,19,0,8,0-30元,59.4%,10.6%,競爭適中,64.72,-38.2,6.65,0.24
大安森林公園(近新生南路),台北市,大安區,71.42857142857143,中價位,208,34330,47,52,29,41,27,1,11,31-50元,50.3%,14.2%,競爭適中,78.43,-8.92,7.36,0.29
明輝商業大樓1F平面車位,台北市,中山區,50.0,中低價位,201,36534,45,52,28,45,24,1,6,31-50元,49.7%,12.8%,競爭適中,77.82,-35.75,7.11,0.15
大安區寵物生活館車位,台北市,大安區,60.0,中價位,203,36428,50,46,28,50,21,1,7,0-30元,49.0%,11.2%,競爭適中,76.56,-21.63,7.18,0.27
松山八德路易莎車位,台北市,南港區,34.285714285714285,中低價位,124,29522,37,26,17,33,8,0,3,0-30元,52.1%,6.6%,競爭適中,66.82,-48.69,4.39,0.12
合江錦州街鄰近車位,台北市,中山區,50.0,中低價位,179,28530,45,52,25,30,21,1,5,31-50元,55.7%,12.6%,競爭適中,73.71,-32.16,6.33,0.09
馬偕醫院鄰近車位,台北市,中山區,50.0,中低價位,190,28327,49,50,28,34,19,1,9,31-50元,54.7%,11.0%,競爭適中,72.6,-31.13,6.72,0.17
長安國小鄰近車位,台北市,中山區,30.0,低價位,214,33859,49,58,31,41,29,1,5,31-50元,51.2%,14.4%,競爭適中,77.25,-61.16,7.57,0.15
三重安慶街1樓室內車位,新北市,三重區,30.0,低價位,185,24699,78,38,36,12,2,0,19,0-30元,69.9%,1.2%,低價競爭激烈,45.96,-34.72,6.55,0.31
新北市政府行政大樓地下共享停車場(B3),新北市,板橋區,0,低價位,220,29949,78,36,69,13,0,0,24,0-30元,58.2%,0.0%,競爭適中,51.79,0,7.78,0.12
到場手工洗車訂閱服務,台北市,中山區,0,低價位,189,31943,46,52,27,36,23,1,4,31-50元,53.0%,13.0%,競爭適中,75.62,0,6.69,0.21
成功郵局鄰近車位,台北市,大安區,60.0,中價位,169,31694,45,39,20,38,17,1,9,0-30元,52.5%,11.2%,競爭適中,74.56,-19.53,5.98,0.03
同安國小旁車位,桃園市,桃園區,32.857142857142854,中低價位,0,0,0,0,0,0,0,0,0,無資料,0.0%,0.0%,競爭者少,0,0,0.0,0
USPACE台新人壽大樓,台北市,松山區,50.0,中低價位,186,36369,50,41,28,53,10,1,3,81-120元,49.7%,6.0%,競爭適中,72.02,-30.58,6.58,0.23
市民大道二段精華車位,台北市,中山區,0,低價位,211,31024,49,55,30,43,28,1,5,31-50元,50.5%,14.1%,競爭適中,77.74,0,7.47,0.02
林森華國車位(23巷),台北市,中山區,50.0,中低價位,179,27871,48,50,26,32,18,1,4,31-50元,56.0%,10.9%,競爭適中,71.4,-29.97,6.33,0.15
USPACE富邦敦北大樓,台北市,松山區,40.0,中低價位,214,39169,55,47,30,50,25,1,6,0-30元,49.0%,12.5%,競爭適中,77.38,-48.31,7.57,0.17
市政府捷運站臨近車位,台北市,信義區,58.57142857142857,中價位,161,33109,41,36,21,48,11,1,3,81-120元,48.7%,7.6%,競爭適中,74.4,-21.27,5.7,0.15
鹿港柑仔店精華車位,新北市,土城區,30.0,低價位,173,24204,64,18,63,9,0,0,19,0-30元,53.2%,0.0%,競爭適中,53.18,-43.59,6.12,0.19
USPACE中油福林站一場,台北市,士林區,55.714285714285715,中價位,74,12943,27,25,9,9,3,0,1,0-30元,71.2%,4.1%,低價競爭激烈,51.49,8.2,2.62,0.12
忠勇一街好好停,桃園市,八德區,20.0,低價位,9,329,1,0,4,0,0,0,4,51-80元,20.0%,0.0%,競爭者少,66.0,-69.7,0.32,2.53
員山路精華車位(辰淵合作),新北市,中和區,40.0,中低價位,203,33903,61,44,64,14,0,0,20,51-80元,57.4%,0.0%,競爭適中,53.36,-25.04,7.18,0.05
現代美典停車場,彰化縣,彰化市,28.0,低價位,0,0,0,0,0,0,0,0,0,無資料,0.0%,0.0%,競爭者少,0,0,0.0,0
仁和大廈,台北市,大安區,75.71428571428571,中價位,202,36239,49,45,29,50,20,1,8,81-120元,48.5%,10.8%,競爭適中,76.42,-0.92,7.15,0.35
廣興街有棚車位,新北市,土城區,20.0,低價位,174,24276,64,19,63,9,0,0,19,0-30元,53.5%,0.0%,競爭適中,53.16,-62.38,6.16,0.19
C11世正南軟大樓(B2汽車臨停區、B3卸貨區),台北市,南港區,30.0,低價位,75,15505,28,14,13,9,3,0,8,0-30元,62.7%,4.5%,低價競爭激烈,54.4,-44.86,2.65,0.11
永吉麥當勞後方車位(俥亭合作),台北市,信義區,44.285714285714285,中低價位,146,30790,35,31,22,45,10,0,3,81-120元,46.2%,7.0%,競爭適中,71.15,-37.76,5.17,0.07
USPACE瑞光一,台北市,內湖區,40.0,中低價位,82,14187,29,15,15,18,4,0,1,0-30元,54.3%,4.9%,競爭適中,63.33,-36.84,2.9,0.22
大直典華旗艦大樓,台北市,中山區,80.0,中價位,58,9827,25,11,9,8,4,0,1,0-30元,63.2%,7.0%,低價競爭激烈,59.39,34.71,2.05,0.11
新大龍國小鄰近車位,台北市,大同區,32.857142857142854,中低價位,165,23730,53,47,24,21,11,0,9,0-30元,64.1%,7.1%,低價競爭激烈,58.65,-43.98,5.84,0.14
信義GD+車位,台北市,信義區,60.0,中價位,166,32200,46,38,21,42,14,1,4,0-30元,51.9%,9.3%,競爭適中,73.61,-18.49,5.87,0.21
萬達寵物公園(大光街側),台中市,南屯區,40.0,中低價位,0,0,0,0,0,0,0,0,0,無資料,0.0%,0.0%,競爭者少,0,0,0.0,0
三重長壽安和車位,新北市,三重區,32.857142857142854,中低價位,203,28036,75,50,36,19,9,0,14,0-30元,66.1%,4.8%,低價競爭激烈,53.25,-38.29,7.18,0.35
大德街車位,台中市,北區,30.0,低價位,0,0,0,0,0,0,0,0,0,無資料,0.0%,0.0%,競爭者少,0,0,0.0,0
嘉興基隆路精華車位,台北市,大安區,32.857142857142854,中低價位,150,27156,43,30,17,35,13,1,11,0-30元,52.5%,10.1%,競爭適中,73.31,-55.18,5.31,0.21
北投溫泉路機械月租車位,台北市,北投區,0,低價位,36,4522,14,13,3,3,0,1,2,0-30元,79.4%,2.9%,低價競爭激烈,58.97,0,1.27,0.13
日月町第一停車場,南投縣,埔里鎮,20.0,低價位,0,0,0,0,0,0,0,0,0,無資料,0.0%,0.0%,競爭者少,0,0,0.0,0
公路總局旁車位,新北市,新店區,22.857142857142858,低價位,173,23272,54,32,39,9,0,2,37,0-30元,63.2%,1.5%,低價競爭激烈,54.45,-58.02,6.12,0.22
中山機車旗艦場(限用悠遊卡),台北市,中山區,24.285714285714285,低價位,207,31483,52,58,27,38,22,1,9,31-50元,55.6%,11.6%,競爭適中,73.18,-66.81,7.32,0.08
立德街23巷車位,台中市,東區,24.285714285714285,低價位,0,0,0,0,0,0,0,0,0,無資料,0.0%,0.0%,競爭者少,0,0,0.0,0
安和路二段鄰近車位,台北市,大安區,65.71428571428571,中價位,172,30829,41,39,23,44,17,1,7,81-120元,48.5%,10.9%,競爭適中,77.0,-14.66,6.09,0.13
至誠公園鄰近停車場,台北市,士林區,40.0,中低價位,59,10096,15,24,10,7,3,0,0,31-50元,66.1%,5.1%,低價競爭激烈,56.44,-29.13,2.09,0.61
南京三民精華車位,台北市,松山區,32.0,中低價位,189,36948,52,41,28,53,11,1,3,81-120元,50.0%,6.5%,競爭適中,71.94,-55.52,6.69,0.11
延平南路路邊車位,台北市,中正區,41.42857142857143,中低價位,163,30480,49,36,26,21,16,0,15,0-30元,57.4%,10.8%,競爭適中,65.84,-37.08,5.77,0.14
上石南路車位,台中市,西屯區,40.0,中低價位,0,0,0,0,0,0,0,0,0,無資料,0.0%,0.0%,競爭者少,0,0,0.0,0
光復南路417巷精華車位,台北市,信義區,60.0,中價位,179,35263,51,41,22,44,15,1,5,0-30元,52.9%,9.2%,競爭適中,72.7,-17.47,6.33,0.22
沙鹿明秀二街停車場,台中市,沙鹿區,20.0,低價位,0,0,0,0,0,0,0,0,0,無資料,0.0%,0.0%,競爭者少,0,0,0.0,0
唭哩岸鄰近車位(身障優先),台北市,北投區,20.0,低價位,56,9345,23,19,6,5,0,1,2,0-30元,77.8%,1.9%,低價競爭激烈,53.5,-62.62,1.98,0.26
捷報華廈停車場,台中市,西屯區,35.714285714285715,中低價位,0,0,0,0,0,0,0,0,0,無資料,0.0%,0.0%,競爭者少,0,0,0.0,0
四維路216巷精華車位,台北市,大安區,60.0,中價位,162,29169,42,38,18,39,15,1,9,0-30元,52.3%,10.5%,競爭適中,74.8,-19.79,5.73,0.14
聖安路近中山路鄰近車位,彰化縣,彰化市,20.0,低價位,0,0,0,0,0,0,0,0,0,無資料,0.0%,0.0%,競爭者少,0,0,0.0,0
西屯福上巷車位,台中市,西屯區,35.714285714285715,中低價位,0,0,0,0,0,0,0,0,0,無資料,0.0%,0.0%,競爭者少,0,0,0.0,0
USPACE西門峨嵋站-B2機車停車場,台北市,萬華區,10.0,低價位,184,28098,54,49,24,22,20,0,15,0-30元,60.9%,11.8%,低價競爭激烈,64.73,-84.55,6.51,0.13
歌林商業大樓B2機械月租車位,台北市,中正區,0,低價位,194,29794,63,49,21,28,21,1,11,0-30元,61.2%,12.0%,低價競爭激烈,69.4,0,6.86,0.26
文昌街鄰近車位,台北市,大安區,52.857142857142854,中價位,184,31842,43,42,25,47,19,1,7,81-120元,48.0%,11.3%,競爭適中,77.57,-31.86,6.51,0.15
USPACE台北君悦酒店,台北市,信義區,70.0,中價位,162,32067,46,37,19,43,12,1,4,0-30元,52.5%,8.2%,競爭適中,72.41,-3.32,5.73,0.17
區域探索館停車場,基隆市,中正區,28.571428571428573,低價位,4,1263,3,1,0,0,0,0,0,0-30元,100.0%,0.0%,低價競爭激烈,26.25,8.84,0.14,0.94
民生重慶精華車位(寧夏夜市旁),台北市,大同區,28.0,低價位,203,29124,62,56,28,27,18,0,12,0-30元,61.8%,9.4%,低價競爭激烈,63.01,-55.56,7.18,0.1
Bellyflopp Cafe(花園新城),新北市,新店區,30.0,低價位,4,125,0,1,0,1,0,0,2,無收費資訊,50.0%,0.0%,競爭者少,75.0,-60.0,0.14,0.03
三胡町義式餐館停車位,台南市,東區,45.714285714285715,中低價位,0,0,0,0,0,0,0,0,0,無資料,0.0%,0.0%,競爭者少,0,0,0.0,0
華山民族鄰近停車位,彰化縣,彰化市,20.0,低價位,0,0,0,0,0,0,0,0,0,無資料,0.0%,0.0%,競爭者少,0,0,0.0,0
USPACE仁愛帝寶站,台北市,大安區,60.0,中價位,220,36531,47,55,33,46,31,1,7,31-50元,47.9%,15.0%,競爭適中,79.77,-24.78,7.78,0.09
USPACE新莊昌德街場,新北市,新莊區,0,低價位,234,25351,93,36,69,11,1,0,24,0-30元,61.4%,0.5%,低價競爭激烈,49.29,0,8.28,0.16
上引水產鄰近車位,台北市,中山區,30.0,低價位,170,26645,42,50,25,31,18,1,3,31-50元,55.1%,11.4%,競爭適中,73.35,-59.1,6.02,0.08
光復國小鄰近車位(頂棚下),台北市,大安區,75.71428571428571,中價位,198,38091,57,43,25,48,19,1,5,0-30元,51.8%,10.4%,競爭適中,74.09,2.19,7.01,0.09
永和路一段車位(近樂華夜市),新北市,永和區,54.285714285714285,中價位,187,29013,50,39,48,11,2,0,37,0-30元,59.3%,1.3%,競爭適中,52.93,2.55,6.62,0.25
USPACE南山台南廣場大樓,台南市,北區,40.0,中低價位,0,0,0,0,0,0,0,0,0,無資料,0.0%,0.0%,競爭者少,0,0,0.0,0
協和祐德高中鄰近車位,台北市,信義區,40.0,中低價位,116,27466,34,23,17,33,7,0,2,0-30元,50.0%,6.1%,競爭適中,67.59,-40.82,4.1,0.15
彰化竹和路停車場,彰化縣,彰化市,17.142857142857142,低價位,0,0,0,0,0,0,0,0,0,無資料,0.0%,0.0%,競爭者少,0,0,0.0,0
承德路四段車位,台北市,士林區,28.0,低價位,106,15287,43,29,15,7,8,0,4,0-30元,70.6%,7.8%,低價競爭激烈,53.52,-47.68,3.75,0.32
康寧路三段189巷鄰近車位,台北市,內湖區,30.857142857142858,中低價位,80,16671,30,14,15,9,3,0,9,0-30元,62.0%,4.2%,低價競爭激烈,54.01,-42.87,2.83,0.38
遼寧街撥筋堂臨近車位,台北市,中山區,80.0,中價位,222,40128,48,54,30,56,27,1,6,81-120元,47.2%,13.0%,競爭適中,79.05,1.2,7.86,0.22
螢橋國小鄰近車位,台北市,中正區,21.428571428571427,低價位,181,33397,59,37,30,21,14,0,20,0-30元,59.6%,8.7%,競爭適中,61.83,-65.34,6.4,0.15
USPACE崇德街停車場,台北市,信義區,60.0,中價位,147,27558,38,37,16,38,13,1,4,0-30元,52.4%,9.8%,競爭適中,74.72,-19.7,5.2,0.39
大甲錦上街,台中市,大甲區,30.0,低價位,0,0,0,0,0,0,0,0,0,無資料,0.0%,0.0%,競爭者少,0,0,0.0,0
天墅,新北市,汐止區,30.0,低價位,49,10982,12,7,16,6,3,0,5,51-80元,43.2%,6.8%,競爭適中,65.11,-53.93,1.73,0.85
福興宮車位(吉林路),台北市,中山區,40.0,中低價位,190,31038,50,54,28,33,18,1,6,31-50元,56.5%,10.3%,競爭適中,71.25,-43.86,6.72,0.25
樂華夜市鄰近車位,新北市,永和區,60.0,中價位,188,29016,50,40,48,11,2,0,37,0-30元,59.6%,1.3%,競爭適中,52.85,13.53,6.65,0.24
USPACE安盛好樂停中山停車場,花蓮縣,花蓮市,20.0,低價位,0,0,0,0,0,0,0,0,0,無資料,0.0%,0.0%,競爭者少,0,0,0.0,0
辛亥公園鄰近車位,台北市,文山區,20.0,低價位,102,14928,38,18,18,9,2,0,17,0-30元,65.9%,2.4%,低價競爭激烈,48.94,-59.13,3.61,0.26
USPACE國家企業中心,台北市,松山區,50.0,中低價位,182,36244,49,38,27,54,10,1,3,81-120元,48.6%,6.1%,競爭適中,72.68,-31.21,6.44,0.24
松山文創鄰近車梯車位,台北市,信義區,35.714285714285715,中低價位,177,36104,51,39,22,49,12,1,3,0-30元,51.7%,7.5%,競爭適中,72.21,-50.54,6.26,0.18
師大功德站(38巷),台北市,大安區,44.285714285714285,中低價位,186,27691,50,33,32,26,19,1,25,0-30元,51.6%,12.4%,競爭適中,74.32,-40.41,6.58,0.28
板橋大同街精華車位,新北市,板橋區,30.0,低價位,212,31804,75,46,55,16,0,0,20,0-30元,63.0%,0.0%,低價競爭激烈,50.73,-40.86,7.5,0.1
中和圓通停車場,新北市,中和區,40.0,中低價位,139,21291,33,37,42,6,0,0,21,51-80元,59.3%,0.0%,競爭適中,52.08,-23.19,4.92,0.11
南京東123巷車位,台北市,松山區,28.571428571428573,低價位,189,37470,51,41,28,53,12,1,3,81-120元,49.5%,7.0%,競爭適中,72.8,-60.75,6.69,0.32
鼎康華廈精華車位(延吉街),台北市,大安區,70.0,中價位,201,38308,56,42,26,50,21,1,5,0-30元,50.0%,11.2%,競爭適中,75.87,-7.73,7.11,0.24
石平街停車(月租車位),台中市,西屯區,0,低價位,0,0,0,0,0,0,0,0,0,無資料,0.0%,0.0%,競爭者少,0,0,0.0,0
敦化四維精華車位,台北市,大安區,40.0,中低價位,172,30265,42,41,23,40,18,1,7,0-30元,50.3%,11.5%,競爭適中,76.18,-47.49,6.09,0.15
林口東湖路停車場,新北市,林口區,20.0,低價位,103,11067,26,16,39,10,0,0,12,51-80元,46.2%,0.0%,競爭適中,57.09,-64.97,3.64,0.25
永康四維龍埔街口,台南市,永康區,20.0,低價位,0,0,0,0,0,0,0,0,0,無資料,0.0%,0.0%,競爭者少,0,0,0.0,0
長榮桂冠酒店旁尊榮車位,台北市,中山區,50.0,中低價位,218,35809,51,57,33,42,29,1,5,31-50元,50.7%,14.1%,競爭適中,76.9,-34.98,7.71,0.27
萬隆街79號,台北市,文山區,28.0,低價位,165,24261,53,29,38,11,2,0,32,0-30元,61.7%,1.5%,低價競爭激烈,51.35,-45.48,5.84,0.08
永固港墘站車位(柵欄外),台北市,內湖區,60.0,中價位,71,13105,30,11,13,12,4,0,1,0-30元,58.6%,5.7%,競爭適中,60.0,0.0,2.51,0.04
USPACE新豐松林站,新竹縣,新豐鄉,30.0,低價位,0,0,0,0,0,0,0,0,0,無資料,0.0%,0.0%,競爭者少,0,0,0.0,0
菜豚屋精誠五街車位,台中市,西區,40.0,中低價位,0,0,0,0,0,0,0,0,0,無資料,0.0%,0.0%,競爭者少,0,0,0.0,0
民權西路捷運站月租車位,台北市,大同區,0,低價位,190,28232,55,51,32,25,19,0,8,0-30元,58.2%,10.4%,競爭適中,65.22,0,6.72,0.23
新竹香山靜思綠能站,新竹市,香山區,20.0,低價位,0,0,0,0,0,0,0,0,0,無資料,0.0%,0.0%,競爭者少,0,0,0.0,0
大潤發中和店,新北市,中和區,50.0,中低價位,171,27715,47,37,49,9,0,0,29,51-80元,59.2%,0.0%,競爭適中,51.8,-3.47,6.05,0.01
自強路一段正義北路口鄰近車位,新北市,三重區,40.0,中低價位,204,27663,77,47,38,19,6,0,17,0-30元,66.3%,3.2%,低價競爭激烈,51.22,-21.91,7.22,0.27
USPACE大里益民站,台中市,大里區,60.0,中價位,0,0,0,0,0,0,0,0,0,無資料,0.0%,0.0%,競爭者少,0,0,0.0,0
竹圍國小鄰近月租車位,新北市,淡水區,0,低價位,20,2303,9,5,1,1,0,0,4,0-30元,87.5%,0.0%,低價競爭激烈,35.0,0,0.71,0.29
USPACE吉祥平面停車場,台北市,松山區,30.0,低價位,191,36955,52,42,27,54,12,1,3,81-120元,50.0%,6.9%,競爭適中,72.29,-58.5,6.76,0.04
愛山林企業總部大樓,台北市,中山區,70.0,中價位,201,34309,48,53,29,37,27,1,6,31-50元,51.8%,14.4%,競爭適中,77.23,-9.36,7.11,0.11
建成大廈二場,台北市,大安區,78.57142857142857,中價位,204,36807,52,44,28,49,22,1,8,0-30元,49.0%,11.7%,競爭適中,76.94,2.12,7.22,0.23
棧車內湖成功安康站,台北市,內湖區,20.0,低價位,106,24926,43,22,13,24,4,0,0,0-30元,61.3%,3.8%,低價競爭激烈,59.25,-66.24,3.75,0.44
中山北路七段巷弄月租車位,台北市,士林區,28.0,低價位,37,6498,11,17,3,4,0,0,2,31-50元,80.0%,0.0%,低價競爭激烈,45.86,-38.94,1.31,0.41
內湖思恩堂後方車位,台北市,內湖區,30.0,低價位,72,12934,30,14,12,12,2,0,2,0-30元,62.9%,2.9%,低價競爭激烈,55.07,-45.53,2.55,0.48
靜心高中鄰近車位,台北市,文山區,0,低價位,140,21025,52,24,25,8,1,0,30,0-30元,69.1%,0.9%,低價競爭激烈,46.68,0,4.95,0.22
東湖精華車位,台北市,內湖區,25.714285714285715,低價位,78,16373,29,14,15,8,3,0,9,0-30元,62.3%,4.3%,低價競爭激烈,53.41,-51.85,2.76,0.26
中崙旗艦安東場,台北市,中山區,30.0,低價位,223,39996,52,53,29,53,29,1,6,31-50元,48.4%,13.8%,競爭適中,79.12,-62.09,7.89,0.07
敦南金三角車位,台北市,大安區,45.714285714285715,中低價位,178,31149,40,43,25,44,18,1,7,81-120元,48.5%,11.1%,競爭適中,77.02,-40.64,6.3,0.02
遠企之戀B3機械月租車位,台北市,大安區,0,低價位,153,27302,39,37,17,38,14,1,7,0-30元,52.1%,10.3%,競爭適中,75.14,0,5.41,0.28
永安市場鄰近車位(新興街),新北市,永和區,41.42857142857143,中低價位,185,28719,51,41,46,8,0,0,39,0-30元,63.0%,0.0%,低價競爭激烈,49.83,-16.86,6.55,0.23
立飛多功能創意組合屋,台中市,神岡區,0,低價位,0,0,0,0,0,0,0,0,0,無資料,0.0%,0.0%,競爭者少,0,0,0.0,0
宏泰世界大樓B2停車場,台北市,松山區,60.0,中價位,189,34349,46,43,27,45,23,1,4,0-30元,48.1%,13.0%,競爭適中,78.92,-23.97,6.69,0.23
台灣智匯總部停車場,新北市,新莊區,40.0,中低價位,235,24231,87,32,75,12,1,0,28,0-30元,57.5%,0.5%,競爭適中,50.99,-21.55,8.32,0.1
新莊思源路287巷車位,新北市,新莊區,30.0,低價位,251,26592,98,42,74,13,1,0,23,0-30元,61.4%,0.4%,低價競爭激烈,49.76,-39.71,8.88,0.06
延平長安精華車位,台北市,大同區,38.57142857142857,中低價位,209,29333,62,58,26,29,21,1,12,0-30元,60.9%,11.2%,低價競爭激烈,68.5,-43.69,7.4,0.18
新店小碧潭月租場(力行路),新北市,新店區,28.0,低價位,108,13579,39,19,21,9,1,2,17,0-30元,63.7%,3.3%,低價競爭激烈,59.4,-52.86,3.82,0.17
台北機廠鄰近車位,台北市,松山區,30.0,低價位,180,35734,47,39,25,53,12,1,3,81-120元,48.6%,7.3%,競爭適中,73.84,-59.37,6.37,0.13
USPACE新莊中央一場,新北市,新莊區,60.0,中價位,196,21297,78,29,56,11,1,0,21,0-30元,61.1%,0.6%,低價競爭激烈,49.69,20.76,6.94,0.05
光復南路260巷1號旁車位,台北市,大安區,42.857142857142854,中低價位,189,37141,55,41,24,48,16,1,4,0-30元,51.9%,9.2%,競爭適中,73.0,-41.29,6.69,0.07
力上西服車位(國父紀念館旁),台北市,信義區,35.0,中低價位,181,36540,52,40,22,50,13,1,3,0-30元,51.7%,7.9%,競爭適中,72.39,-51.65,6.4,0.25
無,台北市,信義區,28.0,低價位,129,27986,33,29,18,38,8,0,3,81-120元,49.2%,6.3%,競爭適中,68.73,-59.26,4.56,0.3
永春大廈(波記茶餐廳對面),台北市,大安區,78.57142857142857,中價位,205,38165,57,45,27,48,20,1,7,0-30元,51.5%,10.6%,競爭適中,74.27,5.79,7.25,0.22
振宇五金嘉義中興店,嘉義市,西區,22.857142857142858,低價位,0,0,0,0,0,0,0,0,0,無資料,0.0%,0.0%,競爭者少,0,0,0.0,0
敦化國中鄰近車位,台北市,松山區,50.0,中低價位,210,38821,46,51,30,51,25,1,6,31-50元,47.5%,12.7%,競爭適中,78.73,-36.49,7.43,0.19
民生社區精華車位(新中街),台北市,松山區,35.0,中低價位,169,32052,45,34,31,43,12,1,3,0-30元,47.6%,7.8%,競爭適中,74.25,-52.86,5.98,0.13
建國路176巷有棚車位,桃園市,桃園區,0,低價位,6,258,0,0,2,0,0,0,4,無收費資訊,0.0%,0.0%,競爭者少,70.0,0,0.21,2.29
保平路93巷車位(鄰近樂華夜市),新北市,永和區,54.285714285714285,中價位,189,29147,50,40,48,11,2,0,38,0-30元,59.6%,1.3%,競爭適中,52.85,2.72,6.69,0.22
熱海溫泉路車位(後門),台北市,北投區,30.0,低價位,38,4784,13,14,5,3,0,1,2,31-50元,75.0%,2.8%,低價競爭激烈,59.31,-49.41,1.34,0.38
天母棒球場士東路鄰近車位,台北市,士林區,0,低價位,49,8617,12,22,7,6,0,0,2,31-50元,72.3%,0.0%,低價競爭激烈,48.62,0,1.73,0.4
中和皇家經典精華車位,新北市,中和區,31.428571428571427,中低價位,205,30275,61,38,71,13,0,0,22,51-80元,54.1%,0.0%,競爭適中,54.7,-42.54,7.25,0.35
敦南誠品後巷車位(新力大廈),台北市,大安區,69.0,中價位,202,36242,49,45,28,50,21,1,8,81-120元,48.5%,11.3%,競爭適中,77.04,-10.43,7.15,0.3
熱海大飯店車位(前門),台北市,北投區,32.857142857142854,中低價位,38,4784,13,14,5,3,0,1,2,31-50元,75.0%,2.8%,低價競爭激烈,59.31,-44.6,1.34,0.39
捷運忠孝新生五號出口鄰近車位,台北市,中正區,50.0,中低價位,215,34256,49,51,33,43,31,1,7,31-50元,48.1%,15.4%,競爭適中,79.52,-37.12,7.61,0.26
USPACE-A7善捷停車場,桃園市,龜山區,30.0,低價位,40,8545,11,8,7,8,0,0,6,0-30元,55.9%,0.0%,競爭適中,56.91,-47.29,1.42,2.17
三寶大樓地下停車位,台北市,中山區,60.0,中價位,184,28403,46,54,25,31,22,1,5,31-50元,55.9%,12.8%,競爭適中,73.88,-18.79,6.51,0.1
新北產業園區車位(柵欄外),新北市,新莊區,20.0,低價位,234,24123,88,32,75,10,1,0,28,0-30元,58.3%,0.5%,競爭適中,50.41,-60.33,8.28,0.03
延吉街車位(有棚涼快),台北市,大安區,78.57142857142857,中價位,200,37388,55,44,25,48,20,1,7,0-30元,51.3%,10.9%,競爭適中,75.03,4.73,7.08,0.29
德安公園鄰近車位,台北市,大安區,51.42857142857143,中價位,202,35430,48,47,28,50,21,1,7,81-120元,48.7%,11.3%,競爭適中,76.92,-33.14,7.15,0.22
南京雙星車位,台北市,松山區,30.0,低價位,193,37976,52,42,28,52,15,1,3,0-30元,49.5%,8.4%,競爭適中,73.82,-59.36,6.83,0.37
基隆大華一路61巷月租場,基隆市,七堵區,28.0,低價位,0,0,0,0,0,0,0,0,0,無資料,0.0%,0.0%,競爭者少,0,0,0.0,0
臺北花木批發市場鄰近月租車位,台北市,文山區,0,低價位,142,20972,44,28,26,12,5,0,27,0-30元,62.6%,4.3%,低價競爭激烈,54.26,0,5.02,0.04
永吉路30巷鄰近車位,台北市,信義區,60.0,中價位,155,31841,34,34,23,49,11,1,3,81-120元,44.7%,7.9%,競爭適中,77.11,-22.18,5.48,0.14
竹北哈洛德地下車位,新竹縣,竹北市,40.0,中低價位,0,0,0,0,0,0,0,0,0,無資料,0.0%,0.0%,競爭者少,0,0,0.0,0
永吉路金三角車位(原正饒河),台北市,信義區,40.0,中低價位,151,32213,35,35,23,46,9,0,3,81-120元,47.3%,6.1%,競爭適中,70.0,-42.86,5.34,0.17
USPACE台北喜來登大飯店地下駐車場,台北市,中正區,100.0,中高價位,214,34751,59,54,26,38,25,1,11,0-30元,55.7%,12.8%,競爭適中,73.82,35.47,7.57,0.01
六張犁崇德街鄰近精華車位,台北市,信義區,30.0,低價位,145,27160,39,35,16,38,12,1,4,0-30元,52.5%,9.2%,競爭適中,73.94,-59.42,5.13,0.33
保儀路車位,台北市,文山區,40.0,中低價位,70,11553,29,12,14,4,1,0,10,0-30元,68.3%,1.7%,低價競爭激烈,45.67,-12.41,2.48,0.14
紘緯綠園道車位,台中市,西區,25.714285714285715,低價位,0,0,0,0,0,0,0,0,0,無資料,0.0%,0.0%,競爭者少,0,0,0.0,0
趴停土城永寧捷運停車場,新北市,土城區,20.0,低價位,74,6851,26,4,29,5,0,0,10,51-80元,46.9%,0.0%,競爭適中,56.17,-64.39,2.62,0.22
師大夜市鄰近露天車位,台北市,大安區,30.0,低價位,171,25418,49,29,30,23,13,1,26,0-30元,53.8%,9.7%,競爭適中,70.07,-57.19,6.05,0.13
內湖站精華車位,台北市,內湖區,20.0,低價位,64,10486,25,13,12,11,2,0,1,0-30元,60.3%,3.2%,低價競爭激烈,56.51,-64.61,2.26,0.22
梧棲文雅街停車位,台中市,梧棲區,20.0,低價位,0,0,0,0,0,0,0,0,0,無資料,0.0%,0.0%,競爭者少,0,0,0.0,0
仁愛國小鄰近車位,台北市,大安區,64.28571428571429,中價位,189,33059,46,41,25,49,20,1,7,81-120元,47.8%,11.5%,競爭適中,77.88,-17.46,6.69,0.2
太平伊甸園車位,台中市,太平區,20.0,低價位,0,0,0,0,0,0,0,0,0,無資料,0.0%,0.0%,競爭者少,0,0,0.0,0
秀峰高中場,新北市,汐止區,24.285714285714285,低價位,50,5117,9,10,21,3,0,0,7,51-80元,44.2%,0.0%,競爭適中,55.58,-56.31,1.77,0.01
C10世正經貿大樓,台北市,南港區,30.0,低價位,77,16147,27,14,14,10,3,0,9,0-30元,60.3%,4.4%,低價競爭激烈,55.81,-46.25,2.72,0.13
竹北成功三路車位,新竹縣,竹北市,30.0,低價位,0,0,0,0,0,0,0,0,0,無資料,0.0%,0.0%,競爭者少,0,0,0.0,0
光復南路美廉社車位,台北市,信義區,62.857142857142854,中價位,171,33376,48,38,22,42,15,1,5,0-30元,51.8%,9.6%,競爭適中,73.89,-14.93,6.05,0.14
洛陽路125巷,台中市,西屯區,15.0,低價位,0,0,0,0,0,0,0,0,0,無資料,0.0%,0.0%,競爭者少,0,0,0.0,0
大雅中清東路118巷車位,台中市,大雅里,20.0,低價位,0,0,0,0,0,0,0,0,0,無資料,0.0%,0.0%,競爭者少,0,0,0.0,0
瀋陽路三段停車場共享車位,台中市,北屯區,30.0,低價位,0,0,0,0,0,0,0,0,0,無資料,0.0%,0.0%,競爭者少,0,0,0.0,0
USPACE新莊溼地公園/昌平街聯合停車場,新北市,新莊區,28.0,低價位,220,23607,87,32,66,11,1,0,23,0-30元,60.4%,0.5%,低價競爭激烈,49.44,-43.37,7.78,0.03
民族東路鄰近車位,台北市,松山區,20.0,低價位,165,28966,40,39,25,37,19,1,4,0-30元,49.1%,12.4%,競爭適中,78.29,-74.45,5.84,0.15
伯爵山莊車位(社區前巷底),新北市,汐止區,0,低價位,70,7708,16,12,26,4,1,0,11,51-80元,47.5%,1.7%,競爭適中,55.25,0,2.48,0.46
鳳凰大廈後門車位,台北市,大安區,60.0,中價位,215,37593,54,45,29,54,25,1,7,0-30元,47.6%,12.5%,競爭適中,78.29,-23.37,7.61,0.23
三創生活園區鄰近車位,台北市,中山區,40.0,中低價位,220,33826,50,57,32,43,32,1,5,31-50元,49.8%,15.3%,競爭適中,78.56,-49.08,7.78,0.13
初生 生 旗艦店,台北市,大安區,72.85714285714286,中價位,202,36758,51,45,28,49,20,1,8,0-30元,49.5%,10.8%,競爭適中,75.77,-3.85,7.15,0.38
CONVERSE前車位,台北市,大安區,78.57142857142857,中價位,209,37032,53,44,29,51,25,1,6,0-30元,47.8%,12.8%,競爭適中,78.33,0.31,7.4,0.15
文化路一段精華車位,新北市,板橋區,42.857142857142854,中低價位,224,31019,81,38,65,16,0,0,24,0-30元,59.5%,0.0%,競爭適中,51.7,-17.1,7.93,0.1
永安市場鄰近車位(中和路),新北市,永和區,40.0,中低價位,187,28866,51,42,47,8,0,0,39,0-30元,62.8%,0.0%,低價競爭激烈,50.03,-20.05,6.62,0.2
Ocean city 海洋都心,新北市,淡水區,20.0,低價位,41,4189,10,11,14,3,0,0,3,51-80元,55.3%,0.0%,競爭適中,54.08,-63.02,1.45,0.25
三重果菜市場鄰近車位,新北市,三重區,0,低價位,208,25980,82,39,51,12,3,0,21,0-30元,64.7%,1.6%,低價競爭激烈,49.04,0,7.36,0.12
USPACE安盛好樂停中央停車場,花蓮縣,花蓮市,20.0,低價位,0,0,0,0,0,0,0,0,0,無資料,0.0%,0.0%,競爭者少,0,0,0.0,0
芝山站鄰近車位,台北市,士林區,30.0,低價位,69,11459,25,25,9,6,1,0,3,0-30元,75.8%,1.5%,低價競爭激烈,45.89,-34.63,2.44,0.12
五常國中鄰近車位,台北市,中山區,40.0,中低價位,157,26361,41,43,21,26,20,1,5,31-50元,55.3%,13.8%,競爭適中,75.26,-46.85,5.56,0.5
世紀大樓1F平面車位,台北市,中山區,50.0,中低價位,180,28597,47,53,26,31,19,1,3,31-50元,56.5%,11.3%,競爭適中,71.78,-30.34,6.37,0.28
新莊思源路370巷車位(柵欄外),新北市,新莊區,0,低價位,253,27386,95,41,73,14,1,0,29,0-30元,60.7%,0.4%,低價競爭激烈,50.4,0,8.95,0.0
涵碧園B1月租車位,台北市,內湖區,0,低價位,69,11797,28,13,14,11,2,0,1,0-30元,60.3%,2.9%,低價競爭激烈,55.15,0,2.44,0.45
延吉街機車場(合作金庫旁),台北市,大安區,28.0,低價位,204,38914,58,43,27,48,20,1,7,0-30元,51.3%,10.7%,競爭適中,74.34,-62.34,7.22,0.25
後勁捷運站鄰近車位,高雄市,楠梓區,30.0,低價位,0,0,0,0,0,0,0,0,0,無資料,0.0%,0.0%,競爭者少,0,0,0.0,0
立飛組合屋,台中市,神岡區,0,低價位,0,0,0,0,0,0,0,0,0,無資料,0.0%,0.0%,競爭者少,0,0,0.0,0
永和耕莘醫院停車場(車梯地下車位),新北市,永和區,28.0,低價位,168,26581,48,31,35,13,5,0,36,0-30元,59.8%,3.8%,競爭適中,55.38,-49.44,5.94,0.05
基隆路一段380巷鄰近車位,台北市,信義區,48.57142857142857,中低價位,166,32934,48,38,20,42,13,1,4,0-30元,53.1%,8.6%,競爭適中,72.35,-32.86,5.87,0.15
敦南錢櫃後方車位,台北市,大安區,78.57142857142857,中價位,210,37059,54,44,29,50,25,1,7,0-30元,48.3%,12.8%,競爭適中,77.93,0.82,7.43,0.26
濟南路二段鄰近車位,台北市,中正區,50.0,中低價位,216,33810,49,52,31,44,31,1,8,31-50元,48.6%,15.4%,競爭適中,79.52,-37.12,7.64,0.35
黎明客美多旁停車位,台中市,西屯區,30.0,低價位,0,0,0,0,0,0,0,0,0,無資料,0.0%,0.0%,競爭者少,0,0,0.0,0
宏泰A19購物中心,台北市,信義區,70.0,中價位,143,27920,34,34,19,41,11,1,3,81-120元,48.6%,8.6%,競爭適中,75.64,-7.46,5.06,0.11
復盛公園鄰近車位,台北市,松山區,40.0,中低價位,192,38476,57,41,25,51,14,1,3,0-30元,51.9%,7.9%,競爭適中,72.14,-44.55,6.79,0.22
USPACE板橋旗艦場機車場,新北市,板橋區,60.0,中價位,227,33568,85,40,68,12,0,0,22,0-30元,61.0%,0.0%,低價競爭激烈,50.27,19.36,8.03,0.01
金龍路車位,台北市,內湖區,20.0,低價位,51,7197,20,9,13,6,2,0,1,0-30元,58.0%,4.0%,競爭適中,56.4,-64.54,1.8,0.78
濱海休憩園區,基隆市,中正區,28.571428571428573,低價位,6,1673,3,2,0,0,0,0,1,0-30元,100.0%,0.0%,低價競爭激烈,31.0,-7.83,0.21,0.39
飛訊烘焙店面車位,台北市,士林區,31.428571428571427,中低價位,91,13787,36,27,13,9,1,0,5,0-30元,73.3%,1.2%,低價競爭激烈,46.56,-32.5,3.22,0.15
溫州公園車位,台北市,大安區,32.857142857142854,中低價位,173,26174,52,30,29,22,12,1,27,0-30元,56.2%,8.9%,競爭適中,68.25,-51.86,6.12,0.27
內湖成功月租車位,台北市,內湖區,28.0,低價位,100,22171,39,22,15,20,4,0,0,0-30元,61.0%,4.0%,低價競爭激烈,59.0,-52.54,3.54,0.1
中和景安停車場,新北市,中和區,40.0,中低價位,170,25358,43,37,45,8,0,1,36,51-80元,59.7%,0.7%,競爭適中,54.78,-26.98,6.02,0.05
新北市政府行政大樓B3停車場(新府路),新北市,板橋區,42.857142857142854,中低價位,223,30121,81,36,68,13,0,0,25,0-30元,59.1%,0.0%,競爭適中,51.36,-16.56,7.89,0.14
復興萬象三階場,台北市,大安區,54.285714285714285,中價位,231,41393,54,54,31,57,28,1,6,81-120元,48.0%,12.9%,競爭適中,78.44,-30.8,8.17,0.19
福科路停車場,台中市,西屯區,20.0,低價位,0,0,0,0,0,0,0,0,0,無資料,0.0%,0.0%,競爭者少,0,0,0.0,0
新店安忠路巷弄月租A場,新北市,新店區,0,低價位,60,6208,25,11,9,6,0,2,7,0-30元,67.9%,3.8%,低價競爭激烈,63.11,0,2.12,0.08
ILLUME茹曦酒店,台北市,松山區,88.57142857142857,中高價位,201,37344,46,46,30,49,24,1,5,81-120元,46.9%,12.8%,競爭適中,78.9,12.25,7.11,0.15
京站廣場鄰近車位,台北市,大同區,34.57142857142857,中低價位,206,31205,53,58,26,36,22,1,10,31-50元,56.6%,11.7%,競爭適中,72.5,-52.32,7.29,0.12
敦化北路165巷車位,台北市,松山區,50.0,中低價位,191,37746,44,44,27,49,23,1,3,81-120元,46.8%,12.8%,競爭適中,79.81,-37.35,6.76,0.14
月月公寓市府車位,台北市,信義區,44.285714285714285,中低價位,158,32518,36,35,23,49,11,1,3,81-120元,45.8%,7.7%,競爭適中,76.32,-41.98,5.59,0.16
嵜本吐司鄰近車位,台北市,信義區,54.285714285714285,中價位,166,33384,43,37,21,49,12,1,3,81-120元,49.1%,8.0%,競爭適中,74.57,-27.2,5.87,0.15
新店二十張精華車位,新北市,新店區,40.0,中低價位,153,21853,58,25,27,7,1,2,33,0-30元,69.2%,2.5%,低價競爭激烈,52.42,-23.69,5.41,0.1
芙蓉大樓1F平面車位,台北市,大安區,40.0,中低價位,223,38622,49,54,30,55,27,1,7,81-120元,47.7%,13.0%,競爭適中,79.05,-49.4,7.89,0.16
振宇五金中崙三柵欄外車位,台北市,中山區,30.0,低價位,222,39851,51,54,30,51,29,1,6,31-50元,48.6%,13.9%,競爭適中,78.8,-61.93,7.86,0.1
內湖獅子王桌球車位,台北市,內湖區,34.285714285714285,中低價位,81,16689,29,15,16,11,3,0,7,0-30元,59.5%,4.1%,競爭適中,55.88,-38.64,2.87,0.35
光復南路240巷車位(原紅蟹),台北市,大安區,88.57142857142857,中高價位,198,37883,57,42,25,48,20,1,5,0-30元,51.3%,10.9%,競爭適中,74.77,18.46,7.01,0.14
伯爵山莊車位(網球場前),新北市,汐止區,10.0,低價位,70,7708,16,12,26,4,1,0,11,51-80元,47.5%,1.7%,競爭適中,55.25,-81.9,2.48,0.47
USPACE三重極限停車場,新北市,三重區,30.0,低價位,121,13768,45,16,41,5,0,0,14,0-30元,57.0%,0.0%,競爭適中,51.07,-41.25,4.28,0.1
台灣科技總部二期,新北市,新店區,50.0,中低價位,103,14523,39,16,22,8,1,2,15,0-30元,62.5%,3.4%,低價競爭激烈,58.64,-14.73,3.64,0.1
新店中正路地下B1車位,新北市,新店區,29.714285714285715,低價位,121,16640,46,20,24,8,1,2,20,0-30元,65.3%,3.0%,低價競爭激烈,56.19,-47.12,4.28,0.25
C10世正經貿大樓(B2汽車臨停區),台北市,南港區,60.0,中價位,77,16147,27,14,14,10,3,0,9,0-30元,60.3%,4.4%,低價競爭激烈,55.81,7.51,2.72,0.13
USPACE仁愛帝寶站(B1機車區),台北市,大安區,30.0,低價位,220,36531,47,55,33,46,31,1,7,31-50元,47.9%,15.0%,競爭適中,79.77,-62.39,7.78,0.09
USPACE西門峨嵋站-B3汽車停車場,台北市,萬華區,65.71428571428571,中價位,183,27656,53,49,24,22,20,0,15,0-30元,60.7%,11.9%,低價競爭激烈,64.94,1.19,6.48,0.12
通化街倉儲式月租車位,台北市,大安區,0,低價位,161,28999,39,39,20,40,15,1,7,81-120元,50.6%,10.4%,競爭適中,75.81,0,5.7,0.28
東海新興路停車位,台中市,龍井區,16.428571428571427,低價位,0,0,0,0,0,0,0,0,0,無資料,0.0%,0.0%,競爭者少,0,0,0.0,0
師大功德站(40巷),台北市,大安區,0,低價位,185,27648,50,33,32,26,18,1,25,0-30元,51.9%,11.9%,競爭適中,73.53,0,6.55,0.25
USPACE和山停車場,新北市,中和區,42.857142857142854,中低價位,167,27166,43,37,53,8,0,0,26,51-80元,56.7%,0.0%,競爭適中,53.05,-19.21,5.91,0.03
八里龍米地下車位(媽媽嘴母港店旁),新北市,八里區,28.0,低價位,21,2534,4,6,4,3,0,0,4,31-50元,58.8%,0.0%,競爭適中,56.18,-50.16,0.74,1.25
林森錦州鄰近車位,台北市,中山區,50.0,中低價位,191,29863,47,55,27,34,18,1,9,31-50元,56.0%,10.4%,競爭適中,71.32,-29.89,6.76,0.11
新生南路車位,台北市,大安區,40.0,中低價位,182,26891,47,35,28,28,18,1,25,0-30元,52.2%,12.1%,競爭適中,74.17,-46.07,6.44,0.19
富邦層峰專用B2,台北市,大安區,0,低價位,205,37135,51,47,28,50,20,1,8,0-30元,49.7%,10.7%,競爭適中,75.61,0,7.25,0.36
南投戲院,南投縣,南投市,22.857142857142858,低價位,0,0,0,0,0,0,0,0,0,無資料,0.0%,0.0%,競爭者少,0,0,0.0,0
社子國小鄰近車位,台北市,士林區,15.0,低價位,99,14110,39,22,24,6,1,0,7,0-30元,66.3%,1.1%,低價競爭激烈,47.65,-68.52,3.5,0.11
板橋忠孝國中精華車位,新北市,板橋區,20.0,低價位,224,29493,78,39,73,13,0,0,21,0-30元,57.6%,0.0%,競爭適中,52.41,-61.84,7.93,0.08
萬大路巷內車位,台北市,萬華區,0,低價位,169,28579,42,35,50,16,5,0,21,51-80元,52.0%,3.4%,競爭適中,59.53,0,5.98,0.41
USPACE中崙旗艦場,台北市,中山區,40.0,中低價位,221,39694,50,54,30,51,29,1,6,31-50元,48.4%,14.0%,競爭適中,79.02,-49.38,7.82,0.12
公館戶外車位,台北市,中正區,38.57142857142857,中低價位,158,23618,51,27,25,16,9,0,30,0-30元,60.9%,7.0%,低價競爭激烈,58.44,-34.0,5.59,0.14
監理站鄰近車位,台北市,松山區,40.0,中低價位,191,38481,57,42,24,50,14,1,3,0-30元,52.7%,8.0%,競爭適中,71.73,-44.23,6.76,0.35
碧潭好風景停車場(帝景飯店),新北市,新店區,47.142857142857146,中低價位,88,10958,30,16,16,9,0,2,15,0-30元,63.0%,2.7%,低價競爭激烈,61.58,-23.44,3.11,0.02
敦化北路238巷車位,台北市,松山區,50.0,中低價位,168,31317,42,37,22,41,21,1,4,0-30元,48.2%,13.4%,競爭適中,79.73,-37.28,5.94,0.2
林森仁愛路鄰近車位,台北市,中正區,25.0,低價位,206,32780,52,50,26,42,26,1,9,0-30元,51.8%,13.7%,競爭適中,76.98,-67.52,7.29,0.2
上格大飯店車梯車位,新北市,三重區,0,低價位,207,29721,80,45,44,17,4,0,17,0-30元,65.8%,2.1%,低價競爭激烈,50.76,0,7.32,0.09
大巨蛋鄰近車位（光復南路33巷）,台北市,松山區,60.0,中價位,192,38884,58,42,24,50,14,1,3,0-30元,52.9%,7.9%,競爭適中,71.43,-16.0,6.79,0.34
高島屋鄰近車位,台北市,士林區,28.571428571428573,低價位,61,10346,19,24,9,6,1,0,2,31-50元,72.9%,1.7%,低價競爭激烈,48.56,-41.16,2.16,0.21
永安零售市場車位,新北市,永和區,37.857142857142854,中低價位,179,28111,48,37,45,11,2,0,36,0-30元,59.4%,1.4%,競爭適中,53.11,-28.72,6.33,0.29
南雅夜市鄰近車位,新北市,板橋區,0,低價位,206,28062,83,30,59,12,0,0,22,0-30元,61.4%,0.0%,低價競爭激烈,49.86,0,7.29,0.06
榔頭模型生存遊戲前方車位,台北市,士林區,25.0,低價位,101,14562,42,29,14,5,7,0,4,0-30元,73.2%,7.2%,低價競爭激烈,50.92,-50.9,3.57,0.28
光正街車位,新北市,板橋區,40.0,中低價位,223,30596,80,33,68,17,0,0,25,0-30元,57.1%,0.0%,競爭適中,52.63,-23.99,7.89,0.33
仲信大湖商旅,台北市,內湖區,28.0,低價位,46,6080,19,10,9,6,1,0,1,0-30元,64.4%,2.2%,低價競爭激烈,52.78,-46.95,1.63,0.26
Sogo佳醫美人車位,台中市,西區,52.857142857142854,中價位,0,0,0,0,0,0,0,0,0,無資料,0.0%,0.0%,競爭者少,0,0,0.0,0
啄木鳥八德店車位,台北市,松山區,40.0,中低價位,184,36475,49,39,26,54,12,1,3,81-120元,48.6%,7.2%,競爭適中,73.43,-45.52,6.51,0.04
棒棒積木飯店,嘉義縣,太保市,0,低價位,0,0,0,0,0,0,0,0,0,無資料,0.0%,0.0%,競爭者少,0,0,0.0,0
唐采文具五權西路車位,台中市,南屯區,80.0,中價位,0,0,0,0,0,0,0,0,0,無資料,0.0%,0.0%,競爭者少,0,0,0.0,0
太平洋商業大樓(原延吉街合庫),台北市,大安區,78.57142857142857,中價位,203,38064,58,42,27,48,20,1,7,0-30元,51.0%,10.7%,競爭適中,74.54,5.41,7.18,0.28
瑞光路227號月租車位,台北市,內湖區,0,低價位,88,15623,35,16,15,17,4,0,1,0-30元,58.6%,4.6%,競爭適中,60.06,0,3.11,0.17
金龍湖畔月租場,新北市,汐止區,28.0,低價位,75,14011,19,13,21,7,3,0,12,51-80元,50.8%,4.8%,競爭適中,58.25,-51.93,2.65,0.19
台北橋下鄰近車位,台北市,大同區,0,低價位,202,29076,67,53,33,22,15,0,12,0-30元,63.2%,7.9%,低價競爭激烈,59.21,0,7.15,0.14
明德國小鄰近車位,台北市,北投區,35.714285714285715,中低價位,63,10430,20,26,8,6,1,0,2,31-50元,75.4%,1.6%,低價競爭激烈,47.46,-24.75,2.23,0.12
延平民生車位,台北市,大同區,32.857142857142854,中低價位,209,29818,62,57,32,26,18,0,14,0-30元,61.0%,9.2%,低價競爭激烈,62.77,-47.65,7.4,0.16
市政府轉運大廈車位(加油站旁),台北市,信義區,65.71428571428571,中價位,160,32773,40,35,21,49,11,1,3,81-120元,47.8%,7.6%,競爭適中,75.1,-12.49,5.66,0.12
江南街車位,台北市,內湖區,20.0,低價位,87,15603,34,16,16,17,3,0,1,0-30元,58.1%,3.5%,競爭適中,58.78,-65.97,3.08,0.22
USPACE長春路龍江路臨時平面停車場,台北市,中山區,40.0,中低價位,200,32377,47,54,29,37,26,1,6,31-50元,52.1%,13.9%,競爭適中,76.73,-47.87,7.08,0.17
USPACE電信大樓停車場,台北市,大安區,80.0,中價位,154,28086,38,40,17,38,13,1,7,31-50元,53.1%,9.5%,競爭適中,74.01,8.09,5.45,0.42
林家花園鄰近車位,新北市,板橋區,30.0,低價位,212,26394,84,27,66,12,0,0,23,0-30元,58.7%,0.0%,競爭適中,50.53,-40.63,7.5,0.09
新莊四維公園,新北市,新莊區,20.0,低價位,97,10479,43,9,28,4,0,0,13,0-30元,61.9%,0.0%,低價競爭激烈,47.14,-57.58,3.43,0.16
台南華人德州撲克競技協會停車場,台南市,永康區,20.0,低價位,0,0,0,0,0,0,0,0,0,無資料,0.0%,0.0%,競爭者少,0,0,0.0,0
USPACE正氣橋下平面停車場,台北市,信義區,30.0,低價位,163,33077,38,35,24,52,10,1,3,81-120元,45.6%,6.9%,競爭適中,75.44,-60.23,5.77,0.06
西松國小車位,台北市,松山區,42.857142857142854,中低價位,183,36556,49,38,28,53,11,1,3,81-120元,48.3%,6.7%,競爭適中,73.22,-41.47,6.48,0.33
大湖駕訓班鄰近車位,台北市,內湖區,30.0,低價位,73,12866,30,14,13,13,2,0,1,0-30元,61.1%,2.8%,低價競爭激烈,56.04,-46.47,2.58,0.53
通化街精華車位,台北市,大安區,65.71428571428571,中價位,155,28373,39,39,17,38,14,1,7,0-30元,52.7%,10.1%,競爭適中,74.83,-12.18,5.48,0.37
USPACE板橋旗艦場,新北市,板橋區,60.0,中價位,227,33568,85,40,68,12,0,0,22,0-30元,61.0%,0.0%,低價競爭激烈,50.27,19.36,8.03,0.01
八里碼頭天后車位,新北市,八里區,30.0,低價位,32,2919,6,11,8,4,0,0,3,31-50元,58.6%,0.0%,競爭適中,55.69,-46.13,1.13,0.18
濟南路三段鄰近車位,台北市,大安區,45.714285714285715,中低價位,216,35137,48,53,32,45,30,1,7,31-50元,48.3%,14.8%,競爭適中,79.38,-42.41,7.64,0.15
(有棚)永和豫溪街鄰近車位,新北市,永和區,38.57142857142857,中低價位,166,26417,49,29,35,12,5,0,36,0-30元,60.0%,3.8%,低價競爭激烈,55.12,-30.02,5.87,0.15
時代通商大樓B2倉儲式月租車位,台北市,大安區,0,低價位,200,37950,57,42,25,48,21,1,6,0-30元,51.0%,11.3%,競爭適中,75.41,0,7.08,0.17
永春公園停車場,台北市,信義區,45.714285714285715,中低價位,122,28118,34,27,17,33,8,0,3,0-30元,51.3%,6.7%,競爭適中,67.61,-32.38,4.32,0.22
原子街車位,台中市,北區,40.0,中低價位,0,0,0,0,0,0,0,0,0,無資料,0.0%,0.0%,競爭者少,0,0,0.0,0
豐原文昌東停車位,台中市,豐原區,20.0,低價位,0,0,0,0,0,0,0,0,0,無資料,0.0%,0.0%,競爭者少,0,0,0.0,0
永春市場車位,台北市,信義區,28.0,低價位,127,28680,33,28,17,38,8,0,3,81-120元,49.2%,6.5%,競爭適中,69.15,-59.51,4.49,0.41
Top Hair Salon蕾琦髮藝,台北市,松山區,50.0,中低價位,196,38709,56,42,27,53,14,1,3,0-30元,50.8%,7.8%,競爭適中,72.25,-30.8,6.94,0.21
USPACE國家企業中心 B4月租區,台北市,松山區,28.0,低價位,181,36002,49,37,27,54,10,1,3,81-120元,48.3%,6.2%,競爭適中,72.87,-61.57,6.4,0.22
長安東路精華車位(前門),台北市,中山區,40.0,中低價位,212,31957,50,58,30,40,28,1,5,31-50元,52.2%,14.0%,競爭適中,76.57,-47.76,7.5,0.08
北宜路車位,新北市,新店區,30.0,低價位,38,5423,10,10,7,3,0,0,8,0-30元,66.7%,0.0%,低價競爭激烈,48.33,-37.93,1.34,1.66
信義幼兒園車位,台北市,信義區,50.0,中低價位,169,33157,49,38,20,42,15,1,4,0-30元,52.7%,9.7%,競爭適中,73.52,-31.99,5.98,0.18
礁溪奕順軒後方車位,宜蘭縣,礁溪鄉,57.142857142857146,中價位,0,0,0,0,0,0,0,0,0,無資料,0.0%,0.0%,競爭者少,0,0,0.0,0
市府路共享車位,台中市,中區,30.0,低價位,0,0,0,0,0,0,0,0,0,無資料,0.0%,0.0%,競爭者少,0,0,0.0,0
青田街鄰近車位,台北市,大安區,65.71428571428571,中價位,193,29189,47,37,31,33,22,1,22,0-30元,49.1%,13.5%,競爭適中,77.34,-15.03,6.83,0.15
永春捷運站鄰近車位,台北市,信義區,50.0,中低價位,129,27986,33,29,18,38,8,0,3,81-120元,49.2%,6.3%,競爭適中,68.73,-27.25,4.56,0.3
車麗屋八德店,桃園市,大正里,20.0,低價位,4,179,0,0,1,0,0,0,3,無收費資訊,0.0%,0.0%,競爭者少,60.0,-66.67,0.14,2.92
台北體育場鄰近車位,台北市,松山區,40.0,中低價位,212,41007,57,47,29,51,21,1,6,0-30元,50.5%,10.7%,競爭適中,74.85,-46.56,7.5,0.19
美村勤美停車場,台中市,西區,42.857142857142854,中低價位,0,0,0,0,0,0,0,0,0,無資料,0.0%,0.0%,競爭者少,0,0,0.0,0
羅東光榮路車位(全聯旁),宜蘭縣,羅東鎮,30.0,低價位,0,0,0,0,0,0,0,0,0,無資料,0.0%,0.0%,競爭者少,0,0,0.0,0
大安森林公園車位(近建國花市),台北市,大安區,31.428571428571427,中低價位,216,37450,46,54,31,45,28,1,11,31-50元,48.8%,14.1%,競爭適中,78.98,-60.2,7.64,0.13
魔髮部屋精誠車位,台中市,西區,65.71428571428571,中價位,0,0,0,0,0,0,0,0,0,無資料,0.0%,0.0%,競爭者少,0,0,0.0,0
國軍松山總醫院臨近車位,台北市,松山區,20.0,低價位,186,36938,49,41,29,51,13,1,2,81-120元,48.9%,7.6%,競爭適中,73.61,-72.83,6.58,0.5
民權東路二段135巷車位,台北市,中山區,50.0,中低價位,173,26315,43,50,25,31,20,1,3,31-50元,54.7%,12.4%,競爭適中,74.82,-33.18,6.12,0.09
八德路四段車位,台北市,松山區,40.0,中低價位,167,33634,40,35,26,51,11,1,3,81-120元,45.7%,7.3%,競爭適中,75.67,-47.14,5.91,0.23
永吉路巷弄車位,台北市,信義區,100.0,中高價位,150,31305,34,33,23,46,10,1,3,81-120元,45.6%,7.5%,競爭適中,76.05,31.48,5.31,0.14
合江街73巷車位,台北市,中山區,30.714285714285715,中低價位,186,29834,43,54,27,33,22,1,6,31-50元,53.9%,12.8%,競爭適中,74.97,-59.03,6.58,0.17
捷報逢田停車場,台中市,西屯區,35.714285714285715,中低價位,0,0,0,0,0,0,0,0,0,無資料,0.0%,0.0%,競爭者少,0,0,0.0,0
信園社區車位(松仁路),台北市,信義區,20.0,低價位,113,21588,28,27,12,31,11,0,4,81-120元,50.5%,10.1%,競爭適中,71.47,-72.02,4.0,0.11
北投溫泉街車位(水美飯店旁),台北市,北投區,34.285714285714285,中低價位,34,4456,14,11,3,3,0,1,2,0-30元,78.1%,3.1%,低價競爭激烈,59.53,-42.41,1.2,0.19
USPACE安盛好樂停忠孝停車場,花蓮縣,花蓮市,20.0,低價位,0,0,0,0,0,0,0,0,0,無資料,0.0%,0.0%,競爭者少,0,0,0.0,0
永盛公園車位,台北市,中山區,40.0,中低價位,197,29629,49,55,30,34,19,1,9,31-50元,55.3%,10.6%,競爭適中,71.76,-44.26,6.97,0.07
信義路地下車位 (低底盤車勿停),台北市,大安區,30.0,低價位,199,34583,45,48,27,49,22,1,7,81-120元,48.4%,12.0%,競爭適中,77.76,-61.42,7.04,0.1
USPACE光復大廈平面車位,台北市,大安區,42.857142857142854,中低價位,192,37657,56,41,25,49,16,1,4,0-30元,51.6%,9.0%,競爭適中,72.9,-41.21,6.79,0.07
宏泰交易二號廣場,台北市,信義區,65.71428571428571,中價位,141,29219,33,33,18,43,11,0,3,81-120元,47.8%,8.0%,競爭適中,71.59,-8.21,4.99,0.15
軒維小廚前方車位,台北市,大安區,40.0,中低價位,199,35524,49,43,28,50,20,1,8,81-120元,48.2%,11.0%,競爭適中,76.65,-47.81,7.04,0.25
虹邦首都花園後方車位,台北市,中山區,52.857142857142854,中價位,184,30551,45,52,24,36,22,1,4,31-50元,53.9%,12.8%,競爭適中,75.39,-29.89,6.51,0.26
東湖麥當勞車位,台北市,內湖區,28.0,低價位,79,16484,30,14,15,10,3,0,7,0-30元,61.1%,4.2%,低價競爭激烈,54.65,-48.77,2.8,0.08
Alife武昌街車梯車位,台北市,中正區,40.0,中低價位,195,30422,64,49,21,28,21,1,11,0-30元,61.4%,12.0%,低價競爭激烈,69.13,-42.14,6.9,0.18
國父紀念館西側車位,台北市,大安區,64.28571428571429,中價位,189,36572,54,42,24,47,16,1,5,0-30元,52.2%,9.2%,競爭適中,72.99,-11.92,6.69,0.02
SnowSensei幸福77車位,新北市,新莊區,40.0,中低價位,256,28234,99,44,73,13,1,0,26,0-30元,62.2%,0.4%,低價競爭激烈,49.65,-19.44,9.06,0.05
信義路四段巷內小小車位,台北市,大安區,60.0,中價位,177,32661,45,39,24,45,16,1,7,0-30元,49.4%,10.0%,競爭適中,75.68,-20.72,6.26,0.17
西屯區至善路車位,台中市,西屯區,50.0,中低價位,0,0,0,0,0,0,0,0,0,無資料,0.0%,0.0%,競爭者少,0,0,0.0,0
USPACE倫敦科技大樓,台北市,內湖區,40.0,中低價位,66,11764,25,11,12,13,4,0,1,0-30元,55.4%,6.2%,競爭適中,63.31,-36.82,2.34,0.04
市民大道六段(饒河街夜市旁),台北市,信義區,44.285714285714285,中低價位,142,31552,37,34,21,39,8,0,3,81-120元,51.1%,5.8%,競爭適中,66.94,-33.85,5.02,0.12
蘆洲吉野家車位,新北市,蘆洲區,20.0,低價位,142,12784,54,18,46,5,0,0,19,0-30元,58.5%,0.0%,競爭適中,49.51,-59.61,5.02,0.07
板橋錢櫃精華車位,新北市,板橋區,42.42857142857143,中低價位,216,28137,80,35,69,12,0,0,20,0-30元,58.7%,0.0%,競爭適中,51.63,-17.83,7.64,0.1
合江街20巷內車位,台北市,中山區,40.0,中低價位,201,32484,48,58,28,34,25,1,7,31-50元,54.6%,13.4%,競爭適中,74.56,-46.35,7.11,0.17
小班韓式右轉車位(延吉街131巷),台北市,大安區,54.285714285714285,中價位,207,40036,57,45,27,50,21,1,6,0-30元,50.7%,10.9%,競爭適中,75.02,-27.64,7.32,0.16
勝利七街精華車位,新竹縣,竹北市,22.857142857142858,低價位,0,0,0,0,0,0,0,0,0,無資料,0.0%,0.0%,競爭者少,0,0,0.0,0
饒河街夜市(沃瑪玉成站),台北市,南港區,34.285714285714285,中低價位,122,29564,37,25,17,34,7,0,2,0-30元,51.7%,5.8%,競爭適中,66.71,-48.6,4.32,0.31
華西街夜市鄰近車位,台北市,萬華區,54.285714285714285,中價位,193,30187,64,44,35,21,10,0,19,0-30元,62.1%,5.7%,低價競爭激烈,57.27,-5.21,6.83,0.36
木柵國中鄰近車位,台北市,文山區,18.0,低價位,58,9982,28,9,11,2,1,0,7,0-30元,72.5%,2.0%,低價競爭激烈,42.06,-57.2,2.05,0.18
信義Joyce,台北市,信義區,28.0,低價位,153,32228,38,34,24,45,9,0,3,81-120元,48.0%,6.0%,競爭適中,69.0,-59.42,5.41,0.13
江南街精華車位,台北市,內湖區,27.142857142857142,低價位,87,15603,34,16,16,17,3,0,1,0-30元,58.1%,3.5%,競爭適中,58.78,-53.82,3.08,0.17
桃園北新街停車場,桃園市,桃園區,42.857142857142854,中低價位,0,0,0,0,0,0,0,0,0,無資料,0.0%,0.0%,競爭者少,0,0,0.0,0
光復南路巷弄車位(42號),台北市,大安區,78.57142857142857,中價位,200,38137,57,43,25,48,20,1,6,0-30元,51.5%,10.8%,競爭適中,74.64,5.27,7.08,0.11
忠駝乙區社區車位(364巷),台北市,信義區,28.0,低價位,167,32890,48,39,20,42,13,1,4,0-30元,53.4%,8.6%,競爭適中,72.15,-61.19,5.91,0.2
福龍街及民族路口共享車位,台中市,北區,30.0,低價位,0,0,0,0,0,0,0,0,0,無資料,0.0%,0.0%,競爭者少,0,0,0.0,0
廈門街鄰近車位,台北市,中正區,32.857142857142854,中低價位,186,32570,56,35,32,22,13,0,28,0-30元,57.6%,8.2%,競爭適中,62.09,-47.08,6.58,0.39
光正街精華車位,新北市,板橋區,32.857142857142854,中低價位,222,29892,80,34,67,17,0,0,24,0-30元,57.6%,0.0%,競爭適中,52.47,-37.38,7.86,0.32
勝學路108巷鄰近車位,台南市,永康區,20.0,低價位,0,0,0,0,0,0,0,0,0,無資料,0.0%,0.0%,競爭者少,0,0,0.0,0
合江街100巷技術車位,台北市,中山區,12.857142857142858,低價位,193,31343,47,55,28,31,24,1,7,31-50元,54.8%,13.4%,競爭適中,74.7,-82.79,6.83,0.1
光復南路精華車位(52號),台北市,大安區,78.57142857142857,中價位,201,38197,57,43,25,48,20,1,7,0-30元,51.5%,10.8%,競爭適中,74.64,5.27,7.11,0.15
林森華國車位(25巷),台北市,中山區,50.0,中低價位,179,27452,48,49,26,32,19,1,4,31-50元,55.4%,11.4%,競爭適中,72.26,-30.8,6.33,0.17
士林華榮市場車位(宏達合作),台北市,士林區,41.42857142857143,中低價位,72,12171,24,28,9,7,1,0,3,31-50元,75.4%,1.4%,低價競爭激烈,46.43,-10.78,2.55,0.28
忠孝復興精華車位,台北市,大安區,85.71428571428571,中高價位,228,40562,54,53,30,58,25,1,7,81-120元,48.4%,11.8%,競爭適中,77.47,10.65,8.07,0.1
佑全藥局車位(瀋陽路側),台中市,北屯區,40.0,中低價位,0,0,0,0,0,0,0,0,0,無資料,0.0%,0.0%,競爭者少,0,0,0.0,0
梅川東篤信精華車位,台中市,西區,40.0,中低價位,0,0,0,0,0,0,0,0,0,無資料,0.0%,0.0%,競爭者少,0,0,0.0,0
延吉街車位(全聯前方),台北市,大安區,70.0,中價位,208,39927,57,45,28,49,22,1,6,0-30元,50.5%,11.4%,競爭適中,75.3,-7.03,7.36,0.11
中央路291巷,新竹縣,竹北市,20.0,低價位,0,0,0,0,0,0,0,0,0,無資料,0.0%,0.0%,競爭者少,0,0,0.0,0
汐止茄苳路停車場,新北市,汐止區,50.0,中低價位,43,4599,8,7,20,2,0,0,6,51-80元,40.5%,0.0%,競爭適中,55.95,-10.63,1.52,0.07
辛亥BOSIC精華車位,台北市,大安區,40.0,中低價位,175,28331,50,32,25,27,16,1,24,0-30元,54.3%,11.3%,競爭適中,71.56,-44.1,6.19,0.15
USPACE萬豪酒店,台北市,中山區,100.0,中高價位,68,12915,28,13,10,12,4,0,1,0-30元,61.2%,6.0%,低價競爭激烈,60.22,66.05,2.41,0.21
新莊明智街車位,新北市,新莊區,0,低價位,264,28567,104,43,76,16,1,0,24,0-30元,61.3%,0.4%,低價競爭激烈,49.83,0,9.34,0.22
USPACE新豐山崎站,新竹縣,新豐鄉,28.0,低價位,0,0,0,0,0,0,0,0,0,無資料,0.0%,0.0%,競爭者少,0,0,0.0,0
勝利九街精華車位,新竹縣,竹北市,24.0,低價位,0,0,0,0,0,0,0,0,0,無資料,0.0%,0.0%,競爭者少,0,0,0.0,0
南港仙聖宮旁車位,台北市,南港區,20.0,低價位,29,10713,13,3,2,5,3,0,3,0-30元,61.5%,11.5%,低價競爭激烈,63.46,-68.48,1.03,0.47
湖光國宅253巷車位,台北市,內湖區,25.0,低價位,87,15477,34,16,15,17,4,0,1,0-30元,58.1%,4.7%,競爭適中,60.41,-58.61,3.08,0.14
SCI瑞光大樓,台北市,內湖區,40.0,中低價位,69,12173,25,14,14,11,4,0,1,0-30元,57.4%,5.9%,競爭適中,61.69,-35.16,2.44,0.12
欣寬向上路,台中市,南屯區,21.428571428571427,低價位,0,0,0,0,0,0,0,0,0,無資料,0.0%,0.0%,競爭者少,0,0,0.0,0
南山人壽干城大樓,台中市,東區,30.0,低價位,0,0,0,0,0,0,0,0,0,無資料,0.0%,0.0%,競爭者少,0,0,0.0,0
七條通鄰近車位,台北市,中山區,60.0,中價位,206,31061,49,59,29,37,25,1,6,31-50元,54.0%,13.0%,競爭適中,75.0,-20.0,7.29,0.08
大巨蛋鄰近車位（光復南路45巷）,台北市,松山區,50.0,中低價位,193,38930,58,42,24,50,15,1,3,0-30元,52.6%,8.4%,競爭適中,71.84,-30.4,6.83,0.31
紘緯德富路車位,台中市,南區,0,低價位,0,0,0,0,0,0,0,0,0,無資料,0.0%,0.0%,競爭者少,0,0,0.0,0
台中大墩七街,台中市,南屯區,22.857142857142858,低價位,0,0,0,0,0,0,0,0,0,無資料,0.0%,0.0%,競爭者少,0,0,0.0,0
捷運七張站車位(北新路),新北市,新店區,30.0,低價位,121,16844,48,20,23,7,1,2,20,0-30元,67.3%,3.0%,低價競爭激烈,55.05,-45.5,4.28,0.29
潮境公園停車場,基隆市,中正區,28.571428571428573,低價位,4,1263,3,1,0,0,0,0,0,0-30元,100.0%,0.0%,低價競爭激烈,26.25,8.84,0.14,0.96
西門國賓車梯車位,台北市,萬華區,30.714285714285715,中低價位,184,28693,57,46,27,21,19,0,14,0-30元,60.6%,11.2%,低價競爭激烈,63.62,-51.72,6.51,0.05
大安國小車位,台北市,大安區,32.857142857142854,中低價位,154,27465,44,30,16,34,13,1,16,0-30元,53.6%,10.1%,競爭適中,72.83,-54.88,5.45,0.26
光啓福音站,台北市,大安區,88.57142857142857,中高價位,208,36883,53,44,28,51,24,1,7,0-30元,48.3%,12.4%,競爭適中,77.99,13.57,7.36,0.14
雙城街車位,台北市,中山區,40.0,中低價位,179,27815,49,50,26,31,18,1,4,31-50元,56.6%,10.9%,競爭適中,71.06,-43.71,6.33,0.15
天母築萃社區,台北市,士林區,28.0,低價位,69,11459,25,25,9,6,1,0,3,0-30元,75.8%,1.5%,低價競爭激烈,45.89,-38.99,2.44,0.08
埔心鄉員鹿路五段停車場,彰化縣,埔心鄉,30.0,低價位,0,0,0,0,0,0,0,0,0,無資料,0.0%,0.0%,競爭者少,0,0,0.0,0
南雅西路一段31巷車位,新北市,板橋區,20.0,低價位,198,27351,80,28,61,11,0,0,18,0-30元,60.0%,0.0%,低價競爭激烈,50.56,-60.44,7.01,0.12
健康路精華車位,台南市,南區,30.0,低價位,0,0,0,0,0,0,0,0,0,無資料,0.0%,0.0%,競爭者少,0,0,0.0,0
新莊典華幸福大樓,新北市,新莊區,60.0,中價位,191,20292,78,25,55,11,1,0,21,0-30元,60.6%,0.6%,低價競爭激烈,49.74,20.64,6.76,0.08
聚鑫行銷前車位,台北市,大安區,80.0,中價位,230,40861,54,55,30,58,25,1,7,81-120元,48.9%,11.7%,競爭適中,77.09,3.78,8.14,0.19
永和街精華車位,台中市,南區,20.0,低價位,0,0,0,0,0,0,0,0,0,無資料,0.0%,0.0%,競爭者少,0,0,0.0,0
QMotel鄰近車位,新北市,土城區,20.0,低價位,171,19302,68,15,56,8,0,0,24,0-30元,56.5%,0.0%,競爭適中,51.43,-61.11,6.05,0.1
迦樂悅 素食餐廳,台中市,南屯區,40.0,中低價位,0,0,0,0,0,0,0,0,0,無資料,0.0%,0.0%,競爭者少,0,0,0.0,0
中央路地下停車場,彰化縣,彰化市,30.0,低價位,0,0,0,0,0,0,0,0,0,無資料,0.0%,0.0%,競爭者少,0,0,0.0,0
紅樓精緻鐵板燒車位,新北市,蘆洲區,30.0,低價位,126,10707,49,15,41,5,0,0,16,0-30元,58.2%,0.0%,競爭適中,49.32,-39.17,4.46,0.06
海科館調和街轉運站,新北市,瑞芳區,12.857142857142858,低價位,9,2100,6,2,0,0,0,0,1,0-30元,100.0%,0.0%,低價競爭激烈,28.12,-54.29,0.32,0.2
新莊中港小北百貨,新北市,新莊區,32.857142857142854,中低價位,267,28850,108,42,76,16,1,0,24,0-30元,61.7%,0.4%,低價競爭激烈,49.42,-33.52,9.45,0.26
汐止工建路場,新北市,汐止區,31.428571428571427,中低價位,84,14435,21,16,23,7,3,0,14,51-80元,52.9%,4.3%,競爭適中,57.29,-45.14,2.97,0.02
復興南路精華車位,台北市,大安區,34.285714285714285,中低價位,183,33316,45,40,24,41,21,1,11,0-30元,49.4%,12.8%,競爭適中,77.44,-55.73,6.48,0.22
光正文化車位,新北市,板橋區,32.857142857142854,中低價位,222,29904,80,35,67,16,0,0,24,0-30元,58.1%,0.0%,競爭適中,52.22,-37.08,7.86,0.29
鎮三街二場,桃園市,桃園區,15.0,低價位,0,0,0,0,0,0,0,0,0,無資料,0.0%,0.0%,競爭者少,0,0,0.0,0
USPACE青年一期社會住宅地下停車場,台北市,萬華區,30.0,低價位,172,28408,45,35,50,13,7,0,22,51-80元,53.3%,4.7%,競爭適中,59.7,-49.75,6.09,0.4
建成大廈三場,台北市,大安區,78.57142857142857,中價位,206,37160,52,45,28,50,22,1,8,0-30元,49.0%,11.6%,競爭適中,76.89,2.18,7.29,0.26
政大公企中心鄰近車位,台北市,大安區,46.333333333333336,中低價位,205,32126,53,45,31,37,22,1,16,0-30元,51.9%,12.2%,競爭適中,75.34,-38.5,7.25,0.22
中研公園鄰近車位,台北市,南港區,20.0,低價位,63,14665,26,11,8,9,3,0,6,0-30元,64.9%,5.3%,低價競爭激烈,55.26,-63.81,2.23,0.17
中正區中華月租車位,台北市,中正區,28.0,低價位,161,29728,54,32,31,18,11,0,15,0-30元,58.9%,7.5%,競爭適中,60.96,-54.07,5.7,0.2
南區大客車停車場,基隆市,中正區,45.714285714285715,中低價位,4,1263,3,1,0,0,0,0,0,0-30元,100.0%,0.0%,低價競爭激烈,26.25,74.15,0.14,0.89
文心維格診所車位,台中市,南屯區,32.857142857142854,中低價位,0,0,0,0,0,0,0,0,0,無資料,0.0%,0.0%,競爭者少,0,0,0.0,0
忠駝乙區社區車位(380巷),台北市,信義區,50.0,中低價位,168,33096,48,38,21,42,14,1,4,0-30元,52.4%,9.1%,競爭適中,73.05,-31.55,5.94,0.16
松隆虎林街3020車位,台北市,信義區,30.0,低價位,143,31707,39,33,20,40,8,0,3,81-120元,51.4%,5.7%,競爭適中,66.5,-54.89,5.06,0.27
敦化國中鄰近車梯車位,台北市,松山區,50.0,中低價位,213,39470,47,52,30,52,25,1,6,31-50元,47.8%,12.6%,競爭適中,78.38,-36.21,7.54,0.19
復興南路車位(小李子對面),台北市,大安區,38.0,中低價位,183,32645,45,41,24,40,21,1,11,0-30元,50.0%,12.8%,競爭適中,77.09,-50.71,6.48,0.02
逸仙路地下車位(車高限1.65M內),台北市,信義區,46.57142857142857,中低價位,178,36172,51,40,21,49,13,1,3,0-30元,52.0%,8.0%,競爭適中,72.43,-35.7,6.3,0.18
USPACE中山南西場(汽車),台北市,中山區,122.85714285714286,高價位,205,31216,52,57,27,36,22,1,10,31-50元,55.9%,11.8%,競爭適中,72.97,68.36,7.25,0.11
竹北享平方B1停車場,新竹縣,竹北市,0,低價位,0,0,0,0,0,0,0,0,0,無資料,0.0%,0.0%,競爭者少,0,0,0.0,0
紘緯南屯德順車位,台中市,南屯區,30.0,低價位,0,0,0,0,0,0,0,0,0,無資料,0.0%,0.0%,競爭者少,0,0,0.0,0
刑事警察局車位,台北市,信義區,68.57142857142857,中價位,178,36391,52,39,22,49,12,1,3,0-30元,52.0%,7.4%,競爭適中,71.97,-4.72,6.3,0.17
海洋劇場停車場,基隆市,中正區,28.571428571428573,低價位,4,1263,3,1,0,0,0,0,0,0-30元,100.0%,0.0%,低價競爭激烈,26.25,8.84,0.14,0.94
新竹埔頂撥筋堂車位,新竹市,東區,30.0,低價位,0,0,0,0,0,0,0,0,0,無資料,0.0%,0.0%,競爭者少,0,0,0.0,0
東方麒麟社區B4月租車位,台北市,信義區,0,低價位,113,26533,32,22,17,33,7,0,2,81-120元,48.6%,6.3%,競爭適中,68.51,0,4.0,0.15
USPACE市民復興停車場,台北市,大安區,30.0,低價位,232,41326,55,53,30,58,29,1,6,81-120元,47.8%,13.3%,競爭適中,79.07,-62.06,8.21,0.13
林口仁愛停車場,新北市,林口區,30.0,低價位,95,10908,26,13,34,10,0,0,12,51-80元,47.0%,0.0%,競爭適中,56.39,-46.79,3.36,0.04
太平大興13街車位,台中市,太平區,0,低價位,0,0,0,0,0,0,0,0,0,無資料,0.0%,0.0%,競爭者少,0,0,0.0,0
中正博愛路月租車位,台北市,中正區,28.0,低價位,195,29898,64,51,21,26,21,1,11,0-30元,62.5%,12.0%,低價競爭激烈,68.53,-59.14,6.9,0.11
西門國泰世紀平面車位,台北市,萬華區,45.714285714285715,中低價位,193,29016,61,49,32,20,17,0,14,0-30元,61.5%,9.5%,低價競爭激烈,61.42,-25.58,6.83,0.21
黎明米撰旁停車位,台中市,南屯區,32.857142857142854,中低價位,0,0,0,0,0,0,0,0,0,無資料,0.0%,0.0%,競爭者少,0,0,0.0,0
德惠街精華車位,台北市,中山區,30.0,低價位,169,25471,44,51,24,29,18,1,2,31-50元,56.9%,11.4%,競爭適中,71.89,-58.27,5.98,0.27
忠孝公園地下B1車位,台北市,中正區,52.857142857142854,中價位,213,32740,49,52,31,43,32,1,5,31-50元,48.6%,15.9%,競爭適中,79.76,-33.73,7.54,0.17
景美國中鄰近車位,台北市,文山區,50.0,中低價位,160,24078,55,30,33,8,1,0,33,0-30元,66.9%,0.8%,低價競爭激烈,47.8,4.61,5.66,0.27
崇德九路及山西北一街車位(柵欄外地鎖),台中市,北屯區,0,低價位,0,0,0,0,0,0,0,0,0,無資料,0.0%,0.0%,競爭者少,0,0,0.0,0
社子社正路87巷車位,台北市,士林區,20.0,低價位,96,13167,39,27,19,5,1,0,5,0-30元,72.5%,1.1%,低價競爭激烈,45.26,-55.81,3.4,0.05
建國錦州鄰近車位,台北市,中山區,35.714285714285715,中低價位,176,28428,42,52,25,31,20,1,5,31-50元,55.0%,12.3%,競爭適中,73.95,-51.7,6.23,0.18
文德路66巷車位,台北市,內湖區,30.0,低價位,76,13540,33,11,15,14,2,0,1,0-30元,58.7%,2.7%,競爭適中,56.47,-46.87,2.69,0.34
USPACE長春復興站,台北市,松山區,82.85714285714286,中高價位,202,36958,46,51,28,46,24,1,6,31-50元,49.5%,12.8%,競爭適中,78.04,6.18,7.15,0.12
北投承德路鄰近車位,台北市,北投區,20.0,低價位,60,9726,25,20,7,5,0,1,2,0-30元,77.6%,1.7%,低價競爭激烈,52.57,-61.95,2.12,0.18
頂好名店城一場,台北市,大安區,78.57142857142857,中價位,216,37817,54,46,29,54,25,1,7,0-30元,47.8%,12.4%,競爭適中,78.16,0.53,7.64,0.23
大英街645巷口車位,台中市,南屯區,32.857142857142854,中低價位,0,0,0,0,0,0,0,0,0,無資料,0.0%,0.0%,競爭者少,0,0,0.0,0
岡山北街2巷尾,高雄市,鳳山區,20.0,低價位,0,0,0,0,0,0,0,0,0,無資料,0.0%,0.0%,競爭者少,0,0,0.0,0
中山堂鄰近車位,台北市,中正區,50.0,中低價位,193,29716,62,52,21,25,21,1,11,0-30元,62.6%,12.1%,低價競爭激烈,68.52,-27.02,6.83,0.12
建國北路車位(學府路),台中市,西區,0,低價位,0,0,0,0,0,0,0,0,0,無資料,0.0%,0.0%,競爭者少,0,0,0.0,0
水雲醫美診所前方車位,桃園市,龜山區,28.0,低價位,82,10035,16,16,31,9,0,0,10,51-80元,44.4%,0.0%,競爭適中,60.07,-53.39,2.9,1.04
奧美伽健身會館-彰化中正店,彰化縣,彰化市,30.0,低價位,0,0,0,0,0,0,0,0,0,無資料,0.0%,0.0%,競爭者少,0,0,0.0,0
車麗屋崇德店,台中市,北屯區,30.0,低價位,0,0,0,0,0,0,0,0,0,無資料,0.0%,0.0%,競爭者少,0,0,0.0,0
三重三和路鄰近車位,新北市,三重區,40.0,中低價位,203,27642,76,49,36,19,9,0,14,0-30元,66.1%,4.8%,低價競爭激烈,53.12,-24.69,7.18,0.38
龍門國中鄰近車位,台北市,大安區,20.0,低價位,180,29688,52,32,25,30,16,1,24,0-30元,53.8%,10.9%,競爭適中,71.76,-72.13,6.37,0.13
hyphen for the arts 車位,台北市,大安區,171.71428571428572,高價位,211,36791,50,49,28,52,24,1,7,81-120元,48.5%,12.3%,競爭適中,77.97,120.24,7.47,0.21
復育公園停車場,基隆市,中正區,28.571428571428573,低價位,4,1263,3,1,0,0,0,0,0,0-30元,100.0%,0.0%,低價競爭激烈,26.25,8.84,0.14,1.16
樂業街精華車位,台北市,大安區,42.857142857142854,中低價位,150,27156,43,30,17,35,13,1,11,0-30元,52.5%,10.1%,競爭適中,73.31,-41.54,5.31,0.18
神岡台灣氣球博物館,台中市,神岡區,30.0,低價位,0,0,0,0,0,0,0,0,0,無資料,0.0%,0.0%,競爭者少,0,0,0.0,0
城市之光髮型車位,台中市,豐原區,25.0,低價位,0,0,0,0,0,0,0,0,0,無資料,0.0%,0.0%,競爭者少,0,0,0.0,0
簡易法庭臨近車位,桃園市,桃園區,20.0,低價位,0,0,0,0,0,0,0,0,0,無資料,0.0%,0.0%,競爭者少,0,0,0.0,0
建國北路75旁車位,台中市,西區,20.0,低價位,0,0,0,0,0,0,0,0,0,無資料,0.0%,0.0%,競爭者少,0,0,0.0,0
葫蘆堵市場鄰近車位,台北市,士林區,20.0,低價位,104,14018,39,28,23,6,4,0,4,0-30元,67.0%,4.0%,低價競爭激烈,50.09,-60.07,3.68,0.18
宏達吉利場,台北市,北投區,30.0,低價位,55,9288,23,18,6,5,0,1,2,0-30元,77.4%,1.9%,低價競爭激烈,53.75,-44.19,1.95,0.14
台北魚市鄰近地下車位,台北市,中山區,30.0,低價位,167,25766,41,48,26,30,18,1,3,31-50元,54.3%,11.6%,競爭適中,73.63,-59.25,5.91,0.05
南京龍江精華車位,台北市,中山區,44.285714285714285,中低價位,209,37400,46,53,29,45,29,1,6,31-50元,48.8%,14.8%,競爭適中,79.53,-44.32,7.4,0.1
USPACE晶華酒店停車場,台北市,中山區,100.0,中高價位,209,31518,51,61,30,36,20,1,10,31-50元,56.3%,10.6%,競爭適中,71.58,39.7,7.4,0.13
忠孝東路216巷車位,台北市,大安區,78.57142857142857,中價位,200,37395,55,44,26,47,20,1,7,0-30元,51.3%,10.9%,競爭適中,74.82,5.02,7.08,0.28
板橋錢櫃金站停車場,新北市,板橋區,45.0,中低價位,213,28007,78,35,69,12,0,0,19,0-30元,58.2%,0.0%,競爭適中,51.86,-13.22,7.54,0.0
USPACE健康2區社會住宅地下停車場,台北市,松山區,30.0,低價位,180,36538,47,38,29,50,11,1,4,81-120元,48.3%,6.8%,競爭適中,73.07,-58.94,6.37,0.13
紘緯忠明南路車位,台中市,南區,0,低價位,0,0,0,0,0,0,0,0,0,無資料,0.0%,0.0%,競爭者少,0,0,0.0,0
竹北體育館鄰近車位,新竹縣,竹北市,32.857142857142854,中低價位,0,0,0,0,0,0,0,0,0,無資料,0.0%,0.0%,競爭者少,0,0,0.0,0
文山福興場,台北市,文山區,32.857142857142854,中低價位,122,18623,45,21,18,12,5,0,21,0-30元,65.3%,5.0%,低價競爭激烈,52.43,-37.33,4.32,0.28
USPACE健康1區社會住宅地下停車場,台北市,松山區,30.0,低價位,183,36838,48,38,29,52,11,1,4,81-120元,48.0%,6.7%,競爭適中,73.13,-58.98,6.48,0.24
民權西路站鄰近車位,台北市,大同區,40.0,中低價位,195,28552,58,51,32,26,19,0,9,0-30元,58.6%,10.2%,競爭適中,64.76,-38.23,6.9,0.18
西門電影街鄰近車位,台北市,萬華區,52.857142857142854,中價位,190,27939,58,48,31,21,19,0,13,0-30元,59.9%,10.7%,競爭適中,63.76,-17.1,6.72,0.22
東門路二段停車場,台南市,東區,40.0,中低價位,0,0,0,0,0,0,0,0,0,無資料,0.0%,0.0%,競爭者少,0,0,0.0,0
USPACE新莊溼地公園場,新北市,新莊區,30.0,低價位,220,23607,87,32,66,11,1,0,23,0-30元,60.4%,0.5%,低價競爭激烈,49.44,-39.32,7.78,0.03
板橋江子翠鄰近車位,新北市,板橋區,20.0,低價位,225,32941,84,42,63,16,0,0,20,0-30元,61.5%,0.0%,低價競爭激烈,50.9,-60.71,7.96,0.1
監理站後方車位(Honda後方),台北市,松山區,34.0,中低價位,193,38947,56,42,26,50,15,1,3,0-30元,51.6%,8.4%,競爭適中,72.5,-53.1,6.83,0.32
崇德九路及山西北一街車位,台中市,北屯區,34.285714285714285,中低價位,0,0,0,0,0,0,0,0,0,無資料,0.0%,0.0%,競爭者少,0,0,0.0,0
石牌陽信大樓站,台北市,北投區,32.857142857142854,中低價位,68,11038,26,24,8,7,0,1,2,0-30元,75.8%,1.5%,低價競爭激烈,53.02,-38.02,2.41,0.12
中山路三段181巷鄰近車位,新北市,中和區,34.285714285714285,中低價位,212,33944,69,42,65,13,0,0,23,0-30元,58.7%,0.0%,競爭適中,52.14,-34.25,7.5,0.03
精誠路 LAST hair domain,台中市,西區,50.0,中低價位,0,0,0,0,0,0,0,0,0,無資料,0.0%,0.0%,競爭者少,0,0,0.0,0
民生吉林鄰近車位,台北市,中山區,50.0,中低價位,183,28496,46,53,27,32,18,1,6,31-50元,55.9%,10.7%,競爭適中,72.09,-30.64,6.48,0.18
正公館站倉儲式月租車位,台北市,中正區,0,低價位,159,23819,53,27,25,16,9,0,29,0-30元,61.5%,6.9%,低價競爭激烈,58.08,0,5.63,0.23
大安捷運廣場,台北市,大安區,40.0,中低價位,195,33925,44,46,27,48,22,1,7,81-120元,47.9%,12.2%,競爭適中,78.24,-48.88,6.9,0.16
桃園觀光夜市鄰近車位,桃園市,桃園區,40.0,中低價位,0,0,0,0,0,0,0,0,0,無資料,0.0%,0.0%,競爭者少,0,0,0.0,0
文山萬盛街月租場,台北市,文山區,0,低價位,141,21406,48,24,24,13,5,0,27,0-30元,63.2%,4.4%,低價競爭激烈,53.9,0,4.99,0.2
思源路大都會車位,新北市,新莊區,40.0,中低價位,255,27362,99,44,73,15,1,0,23,0-30元,61.6%,0.4%,低價競爭激烈,49.85,-19.76,9.02,0.1
板橋遠東百貨鄰近車位,新北市,板橋區,42.857142857142854,中低價位,222,29470,80,37,69,13,0,0,23,0-30元,58.8%,0.0%,競爭適中,51.53,-16.83,7.86,0.08
南京敦化鄰近車位,台北市,松山區,60.0,中價位,211,39364,47,52,30,50,25,1,6,31-50元,48.3%,12.7%,競爭適中,78.17,-23.24,7.47,0.16
基隆路一段364巷車位,台北市,信義區,48.57142857142857,中低價位,167,32890,48,39,20,42,13,1,4,0-30元,53.4%,8.6%,競爭適中,72.15,-32.68,5.91,0.2
USPACE新莊昌平街場,新北市,新莊區,30.0,低價位,222,23635,87,32,67,11,1,0,24,0-30元,60.1%,0.5%,低價競爭激烈,49.49,-39.39,7.86,0.03
文山萬隆月租車位,台北市,文山區,0,低價位,153,22373,47,29,30,12,5,0,30,0-30元,61.8%,4.1%,低價競爭激烈,53.94,0,5.41,0.22
南港玉河苑B4機械月租車位,台北市,南港區,0,低價位,123,29791,37,26,17,34,7,0,2,0-30元,52.1%,5.8%,競爭適中,66.49,0,4.35,0.26
USPACE 富紳礁溪第一停車場（全聯礁溪公園店旁）,宜蘭縣,礁溪鄉,22.857142857142858,低價位,0,0,0,0,0,0,0,0,0,無資料,0.0%,0.0%,競爭者少,0,0,0.0,0
萬善堂後方車位(俥亭合作),台北市,信義區,44.285714285714285,中低價位,148,31194,34,32,22,46,10,1,3,81-120元,45.5%,7.6%,競爭適中,76.28,-41.94,5.24,0.06
特斯拉超充站新北新莊,新北市,新莊區,0,低價位,215,22255,89,30,61,12,1,0,22,0-30元,61.7%,0.5%,低價競爭激烈,49.17,0,7.61,0.01
